,central_battery_revenue
2017-02-26 04:00:00,0.0
2017-02-26 04:30:00,0.0
2017-02-26 05:00:00,0.0
2017-02-26 05:30:00,0.0
2017-02-26 06:00:00,0.0
2017-02-26 06:30:00,0.0
2017-02-26 07:00:00,0.0
2017-02-26 07:30:00,-0.52430224952
2017-02-26 08:00:00,-0.76913170096
2017-02-26 08:30:00,-1.19249501952
2017-02-26 09:00:00,-1.67908610688
2017-02-26 09:30:00,-0.776635073889
2017-02-26 10:00:00,-0.00776635073889
2017-02-26 10:30:00,-7.76635073886e-05
2017-02-26 11:00:00,-7.76635073976e-07
2017-02-26 11:30:00,-7.76635062039e-09
2017-02-26 12:00:00,-7.76638842126e-11
2017-02-26 12:30:00,-7.7690742728e-13
2017-02-26 13:00:00,-7.95807864051e-15
2017-02-26 13:30:00,0.0
2017-02-26 14:00:00,0.0
2017-02-26 14:30:00,0.0
2017-02-26 15:00:00,0.0
2017-02-26 15:30:00,0.0
2017-02-26 16:00:00,0.0
2017-02-26 16:30:00,0.0
2017-02-26 17:00:00,0.06310938872
2017-02-26 17:30:00,0.3515206716
2017-02-26 18:00:00,0.3708393514
2017-02-26 18:30:00,0.507991428
2017-02-26 19:00:00,0.416745
2017-02-26 19:30:00,0.244359290613
2017-02-26 20:00:00,0.0
2017-02-26 20:30:00,0.0
2017-02-26 21:00:00,0.0
2017-02-26 21:30:00,0.0
2017-02-26 22:00:00,0.0
2017-02-26 22:30:00,0.0
2017-02-26 23:00:00,0.0
2017-02-26 23:30:00,0.0
2017-02-27 00:00:00,0.0
2017-02-27 00:30:00,0.0
2017-02-27 01:00:00,0.0
2017-02-27 01:30:00,0.0
2017-02-27 02:00:00,0.0
2017-02-27 02:30:00,0.0
2017-02-27 03:00:00,0.0
2017-02-27 03:30:00,0.0
2017-02-27 04:00:00,0.0
2017-02-27 04:30:00,0.0
2017-02-27 05:00:00,0.0
2017-02-27 05:30:00,0.0
2017-02-27 06:00:00,0.0
2017-02-27 06:30:00,0.0
2017-02-27 07:00:00,0.0
2017-02-27 07:30:00,0.0
2017-02-27 08:00:00,0.0
2017-02-27 08:30:00,0.0
2017-02-27 09:00:00,0.0
2017-02-27 09:30:00,0.0
2017-02-27 10:00:00,0.0
2017-02-27 10:30:00,0.0
2017-02-27 11:00:00,0.0
2017-02-27 11:30:00,0.0
2017-02-27 12:00:00,0.0
2017-02-27 12:30:00,0.0
2017-02-27 13:00:00,0.0
2017-02-27 13:30:00,0.0
2017-02-27 14:00:00,0.0
2017-02-27 14:30:00,0.0
2017-02-27 15:00:00,0.0
2017-02-27 15:30:00,0.0
2017-02-27 16:00:00,0.0
2017-02-27 16:30:00,0.0
2017-02-27 17:00:00,0.0
2017-02-27 17:30:00,0.0
2017-02-27 18:00:00,0.0
2017-02-27 18:30:00,0.0
2017-02-27 19:00:00,0.0
2017-02-27 19:30:00,0.0
2017-02-27 20:00:00,0.0
2017-02-27 20:30:00,0.0
2017-02-27 21:00:00,0.0
2017-02-27 21:30:00,0.0
2017-02-27 22:00:00,0.0
2017-02-27 22:30:00,0.0
2017-02-27 23:00:00,0.0
2017-02-27 23:30:00,0.0
2017-02-28 00:00:00,0.0
2017-02-28 00:30:00,0.0
2017-02-28 01:00:00,0.0
2017-02-28 01:30:00,0.0
2017-02-28 02:00:00,0.0
2017-02-28 02:30:00,0.0
2017-02-28 03:00:00,0.0
2017-02-28 03:30:00,0.0
2017-02-28 04:00:00,0.0
2017-02-28 04:30:00,0.0
2017-02-28 05:00:00,0.0
2017-02-28 05:30:00,0.0
2017-02-28 06:00:00,0.0
2017-02-28 06:30:00,0.0
2017-02-28 07:00:00,0.0
2017-02-28 07:30:00,0.0
2017-02-28 08:00:00,0.0
2017-02-28 08:30:00,0.0
2017-02-28 09:00:00,0.0
2017-02-28 09:30:00,0.0
2017-02-28 10:00:00,0.0
2017-02-28 10:30:00,0.0
2017-02-28 11:00:00,0.0
2017-02-28 11:30:00,0.0
2017-02-28 12:00:00,0.0
2017-02-28 12:30:00,0.0
2017-02-28 13:00:00,0.0
2017-02-28 13:30:00,0.0
2017-02-28 14:00:00,0.0
2017-02-28 14:30:00,0.0
2017-02-28 15:00:00,0.0
2017-02-28 15:30:00,0.0
2017-02-28 16:00:00,0.0
2017-02-28 16:30:00,0.0
2017-02-28 17:00:00,0.0
2017-02-28 17:30:00,0.0
2017-02-28 18:00:00,0.0
2017-02-28 18:30:00,0.0
2017-02-28 19:00:00,0.0
2017-02-28 19:30:00,0.0
2017-02-28 20:00:00,0.0
2017-02-28 20:30:00,0.0
2017-02-28 21:00:00,0.0
2017-02-28 21:30:00,0.0
2017-02-28 22:00:00,0.0
2017-02-28 22:30:00,0.0
2017-02-28 23:00:00,0.0
2017-02-28 23:30:00,0.0
2017-03-01 00:00:00,0.0
2017-03-01 00:30:00,0.0
2017-03-01 01:00:00,0.0
2017-03-01 01:30:00,0.0
2017-03-01 02:00:00,0.0
2017-03-01 02:30:00,0.0
2017-03-01 03:00:00,0.0
2017-03-01 03:30:00,0.0
2017-03-01 04:00:00,0.0
2017-03-01 04:30:00,0.0
2017-03-01 05:00:00,0.0
2017-03-01 05:30:00,0.0
2017-03-01 06:00:00,0.0
2017-03-01 06:30:00,0.0
2017-03-01 07:00:00,0.0
2017-03-01 07:30:00,0.0
2017-03-01 08:00:00,0.0
2017-03-01 08:30:00,0.0
2017-03-01 09:00:00,0.0
2017-03-01 09:30:00,0.0
2017-03-01 10:00:00,0.0
2017-03-01 10:30:00,0.0
2017-03-01 11:00:00,0.0
2017-03-01 11:30:00,0.0
2017-03-01 12:00:00,0.0
2017-03-01 12:30:00,0.0
2017-03-01 13:00:00,0.0
2017-03-01 13:30:00,0.0
2017-03-01 14:00:00,0.0
2017-03-01 14:30:00,0.0
2017-03-01 15:00:00,0.0
2017-03-01 15:30:00,0.0
2017-03-01 16:00:00,0.0
2017-03-01 16:30:00,0.0
2017-03-01 17:00:00,0.0
2017-03-01 17:30:00,0.0
2017-03-01 18:00:00,0.0
2017-03-01 18:30:00,0.0
2017-03-01 19:00:00,0.0
2017-03-01 19:30:00,0.0
2017-03-01 20:00:00,0.0
2017-03-01 20:30:00,0.0
2017-03-01 21:00:00,0.0
2017-03-01 21:30:00,0.0
2017-03-01 22:00:00,0.0
2017-03-01 22:30:00,0.0
2017-03-01 23:00:00,0.0
2017-03-01 23:30:00,0.0
2017-03-02 00:00:00,0.0
2017-03-02 00:30:00,0.0
2017-03-02 01:00:00,0.0
2017-03-02 01:30:00,0.0
2017-03-02 02:00:00,0.0
2017-03-02 02:30:00,0.0
2017-03-02 03:00:00,0.0
2017-03-02 03:30:00,0.0
2017-03-02 04:00:00,0.0
2017-03-02 04:30:00,0.0
2017-03-02 05:00:00,0.0
2017-03-02 05:30:00,0.0
2017-03-02 06:00:00,0.0
2017-03-02 06:30:00,0.0
2017-03-02 07:00:00,0.0
2017-03-02 07:30:00,0.0
2017-03-02 08:00:00,0.0
2017-03-02 08:30:00,0.0
2017-03-02 09:00:00,0.0
2017-03-02 09:30:00,0.0
2017-03-02 10:00:00,0.0
2017-03-02 10:30:00,0.0
2017-03-02 11:00:00,0.0
2017-03-02 11:30:00,0.0
2017-03-02 12:00:00,0.0
2017-03-02 12:30:00,0.0
2017-03-02 13:00:00,0.0
2017-03-02 13:30:00,0.0
2017-03-02 14:00:00,0.0
2017-03-02 14:30:00,0.0
2017-03-02 15:00:00,0.0
2017-03-02 15:30:00,0.0
2017-03-02 16:00:00,0.0
2017-03-02 16:30:00,0.0
2017-03-02 17:00:00,0.0
2017-03-02 17:30:00,0.0
2017-03-02 18:00:00,0.0
2017-03-02 18:30:00,0.0
2017-03-02 19:00:00,0.0
2017-03-02 19:30:00,0.0
2017-03-02 20:00:00,0.0
2017-03-02 20:30:00,0.0
2017-03-02 21:00:00,0.0
2017-03-02 21:30:00,0.0
2017-03-02 22:00:00,0.0
2017-03-02 22:30:00,0.0
2017-03-02 23:00:00,0.0
2017-03-02 23:30:00,0.0
2017-03-03 00:00:00,0.0
2017-03-03 00:30:00,0.0
2017-03-03 01:00:00,0.0
2017-03-03 01:30:00,0.0
2017-03-03 02:00:00,0.0
2017-03-03 02:30:00,0.0
2017-03-03 03:00:00,0.0
2017-03-03 03:30:00,0.0
2017-03-03 04:00:00,0.0
2017-03-03 04:30:00,0.0
2017-03-03 05:00:00,0.0
2017-03-03 05:30:00,0.0
2017-03-03 06:00:00,0.0
2017-03-03 06:30:00,0.0
2017-03-03 07:00:00,0.0
2017-03-03 07:30:00,0.0
2017-03-03 08:00:00,0.0
2017-03-03 08:30:00,0.0
2017-03-03 09:00:00,0.0
2017-03-03 09:30:00,-0.33177504512
2017-03-03 10:00:00,-0.27608960708
2017-03-03 10:30:00,-0.377208406027
2017-03-03 11:00:00,0.0120659063467
2017-03-03 11:30:00,0.327166406933
2017-03-03 12:00:00,0.0899391763125
2017-03-03 12:30:00,0.0
2017-03-03 13:00:00,0.0
2017-03-03 13:30:00,0.0
2017-03-03 14:00:00,0.0
2017-03-03 14:30:00,0.0
2017-03-03 15:00:00,0.0
2017-03-03 15:30:00,0.0
2017-03-03 16:00:00,0.0
2017-03-03 16:30:00,0.0
2017-03-03 17:00:00,0.0
2017-03-03 17:30:00,0.0
2017-03-03 18:00:00,0.0
2017-03-03 18:30:00,0.0
2017-03-03 19:00:00,0.0
2017-03-03 19:30:00,0.0
2017-03-03 20:00:00,0.0
2017-03-03 20:30:00,0.0
2017-03-03 21:00:00,0.0
2017-03-03 21:30:00,0.0
2017-03-03 22:00:00,0.0
2017-03-03 22:30:00,0.0
2017-03-03 23:00:00,0.0
2017-03-03 23:30:00,0.0
2017-03-04 00:00:00,0.0
2017-03-04 00:30:00,0.0
2017-03-04 01:00:00,0.0
2017-03-04 01:30:00,0.0
2017-03-04 02:00:00,0.0
2017-03-04 02:30:00,0.0
2017-03-04 03:00:00,0.0
2017-03-04 03:30:00,0.0
2017-03-04 04:00:00,0.0
2017-03-04 04:30:00,0.0
2017-03-04 05:00:00,0.0
2017-03-04 05:30:00,0.0
2017-03-04 06:00:00,0.0
2017-03-04 06:30:00,0.0
2017-03-04 07:00:00,0.0
2017-03-04 07:30:00,0.0
2017-03-04 08:00:00,-0.203846862053
2017-03-04 08:30:00,-0.506641998107
2017-03-04 09:00:00,-1.09551388016
2017-03-04 09:30:00,-1.09897196192
2017-03-04 10:00:00,-1.57763349464
2017-03-04 10:30:00,-0.320514209428
2017-03-04 11:00:00,-0.00320514209428
2017-03-04 11:30:00,-3.20514209432e-05
2017-03-04 12:00:00,-3.20514209591e-07
2017-03-04 12:30:00,-3.20514203622e-09
2017-03-04 13:00:00,-3.20511617247e-11
2017-03-04 13:30:00,-3.20312665281e-13
2017-03-04 14:00:00,-2.98427949019e-15
2017-03-04 14:30:00,0.0
2017-03-04 15:00:00,0.0
2017-03-04 15:30:00,0.38608477656
2017-03-04 16:00:00,0.39514120212
2017-03-04 16:30:00,0.43656703244
2017-03-04 17:00:00,0.42473556384
2017-03-04 17:30:00,0.258826538432
2017-03-04 18:00:00,0.25984294856
2017-03-04 18:30:00,0.0
2017-03-04 19:00:00,0.0
2017-03-04 19:30:00,0.0
2017-03-04 20:00:00,0.0
2017-03-04 20:30:00,0.0
2017-03-04 21:00:00,0.0
2017-03-04 21:30:00,0.0
2017-03-04 22:00:00,0.0
2017-03-04 22:30:00,0.0
2017-03-04 23:00:00,0.0
2017-03-04 23:30:00,0.0
2017-03-05 00:00:00,0.0
2017-03-05 00:30:00,0.0
2017-03-05 01:00:00,0.0
2017-03-05 01:30:00,0.0
2017-03-05 02:00:00,0.0
2017-03-05 02:30:00,0.0
2017-03-05 03:00:00,0.0
2017-03-05 03:30:00,0.0
2017-03-05 04:00:00,0.0
2017-03-05 04:30:00,0.0
2017-03-05 05:00:00,0.0
2017-03-05 05:30:00,0.0
2017-03-05 06:00:00,0.0
2017-03-05 06:30:00,0.0
2017-03-05 07:00:00,0.0
2017-03-05 07:30:00,-0.147541202853
2017-03-05 08:00:00,-1.12492807728
2017-03-05 08:30:00,-1.18276258856
2017-03-05 09:00:00,-1.420066284
2017-03-05 09:30:00,-1.03155254704
2017-03-05 10:00:00,-0.0103155254704
2017-03-05 10:30:00,-0.000103155254704
2017-03-05 11:00:00,-1.03155254735e-06
2017-03-05 11:30:00,-1.03155251452e-08
2017-03-05 12:00:00,-1.03155599618e-10
2017-03-05 12:30:00,-1.03156594378e-12
2017-03-05 13:00:00,-9.94759830064e-15
2017-03-05 13:30:00,0.0
2017-03-05 14:00:00,0.0
2017-03-05 14:30:00,0.0
2017-03-05 15:00:00,0.0
2017-03-05 15:30:00,0.0
2017-03-05 16:00:00,0.0
2017-03-05 16:30:00,0.00111825728
2017-03-05 17:00:00,0.178410964667
2017-03-05 17:30:00,0.2667175644
2017-03-05 18:00:00,0.433349727067
2017-03-05 18:30:00,0.46565099875
2017-03-05 19:00:00,0.149220602394
2017-03-05 19:30:00,0.0
2017-03-05 20:00:00,0.0
2017-03-05 20:30:00,0.0
2017-03-05 21:00:00,0.0
2017-03-05 21:30:00,0.0
2017-03-05 22:00:00,0.0
2017-03-05 22:30:00,0.0
2017-03-05 23:00:00,0.0
2017-03-05 23:30:00,0.0
2017-03-06 00:00:00,0.0
2017-03-06 00:30:00,0.0
2017-03-06 01:00:00,0.0
2017-03-06 01:30:00,0.0
2017-03-06 02:00:00,0.0
2017-03-06 02:30:00,0.0
2017-03-06 03:00:00,0.0
2017-03-06 03:30:00,0.0
2017-03-06 04:00:00,0.0
2017-03-06 04:30:00,0.0
2017-03-06 05:00:00,0.0
2017-03-06 05:30:00,0.0
2017-03-06 06:00:00,0.0
2017-03-06 06:30:00,0.0
2017-03-06 07:00:00,0.0
2017-03-06 07:30:00,0.0
2017-03-06 08:00:00,0.0
2017-03-06 08:30:00,0.0
2017-03-06 09:00:00,0.0
2017-03-06 09:30:00,-0.0248068112133
2017-03-06 10:00:00,-0.01444255036
2017-03-06 10:30:00,0.0884759359419
2017-03-06 11:00:00,0.0
2017-03-06 11:30:00,0.0
2017-03-06 12:00:00,0.0
2017-03-06 12:30:00,0.0
2017-03-06 13:00:00,0.0
2017-03-06 13:30:00,0.0
2017-03-06 14:00:00,0.0
2017-03-06 14:30:00,0.0
2017-03-06 15:00:00,0.0
2017-03-06 15:30:00,0.0
2017-03-06 16:00:00,0.0
2017-03-06 16:30:00,0.0
2017-03-06 17:00:00,0.0
2017-03-06 17:30:00,0.0
2017-03-06 18:00:00,0.0
2017-03-06 18:30:00,0.0
2017-03-06 19:00:00,0.0
2017-03-06 19:30:00,0.0
2017-03-06 20:00:00,0.0
2017-03-06 20:30:00,0.0
2017-03-06 21:00:00,0.0
2017-03-06 21:30:00,0.0
2017-03-06 22:00:00,0.0
2017-03-06 22:30:00,0.0
2017-03-06 23:00:00,0.0
2017-03-06 23:30:00,0.0
2017-03-07 00:00:00,0.0
2017-03-07 00:30:00,0.0
2017-03-07 01:00:00,0.0
2017-03-07 01:30:00,0.0
2017-03-07 02:00:00,0.0
2017-03-07 02:30:00,0.0
2017-03-07 03:00:00,0.0
2017-03-07 03:30:00,0.0
2017-03-07 04:00:00,0.0
2017-03-07 04:30:00,0.0
2017-03-07 05:00:00,0.0
2017-03-07 05:30:00,0.0
2017-03-07 06:00:00,0.0
2017-03-07 06:30:00,0.0
2017-03-07 07:00:00,0.0
2017-03-07 07:30:00,0.0
2017-03-07 08:00:00,0.0
2017-03-07 08:30:00,0.0
2017-03-07 09:00:00,0.0
2017-03-07 09:30:00,0.0
2017-03-07 10:00:00,0.0
2017-03-07 10:30:00,0.0
2017-03-07 11:00:00,0.0
2017-03-07 11:30:00,0.0
2017-03-07 12:00:00,0.0
2017-03-07 12:30:00,-0.3143195932
2017-03-07 13:00:00,0.111630764933
2017-03-07 13:30:00,0.0119540262427
2017-03-07 14:00:00,0.0
2017-03-07 14:30:00,0.0
2017-03-07 15:00:00,0.0
2017-03-07 15:30:00,0.0
2017-03-07 16:00:00,0.0
2017-03-07 16:30:00,0.0
2017-03-07 17:00:00,0.0
2017-03-07 17:30:00,0.0
2017-03-07 18:00:00,0.0
2017-03-07 18:30:00,0.0
2017-03-07 19:00:00,0.0
2017-03-07 19:30:00,0.0
2017-03-07 20:00:00,0.0
2017-03-07 20:30:00,0.0
2017-03-07 21:00:00,0.0
2017-03-07 21:30:00,0.0
2017-03-07 22:00:00,0.0
2017-03-07 22:30:00,0.0
2017-03-07 23:00:00,0.0
2017-03-07 23:30:00,0.0
2017-03-08 00:00:00,0.0
2017-03-08 00:30:00,0.0
2017-03-08 01:00:00,0.0
2017-03-08 01:30:00,0.0
2017-03-08 02:00:00,0.0
2017-03-08 02:30:00,0.0
2017-03-08 03:00:00,0.0
2017-03-08 03:30:00,0.0
2017-03-08 04:00:00,0.0
2017-03-08 04:30:00,0.0
2017-03-08 05:00:00,0.0
2017-03-08 05:30:00,0.0
2017-03-08 06:00:00,0.0
2017-03-08 06:30:00,0.0
2017-03-08 07:00:00,0.0
2017-03-08 07:30:00,0.0
2017-03-08 08:00:00,0.0
2017-03-08 08:30:00,0.0
2017-03-08 09:00:00,0.0
2017-03-08 09:30:00,0.0
2017-03-08 10:00:00,0.0
2017-03-08 10:30:00,0.0
2017-03-08 11:00:00,0.0
2017-03-08 11:30:00,0.0
2017-03-08 12:00:00,0.0
2017-03-08 12:30:00,0.0
2017-03-08 13:00:00,0.0
2017-03-08 13:30:00,0.0
2017-03-08 14:00:00,0.0
2017-03-08 14:30:00,0.0
2017-03-08 15:00:00,0.0
2017-03-08 15:30:00,0.0
2017-03-08 16:00:00,0.0
2017-03-08 16:30:00,0.0
2017-03-08 17:00:00,0.0
2017-03-08 17:30:00,0.0
2017-03-08 18:00:00,0.0
2017-03-08 18:30:00,0.0
2017-03-08 19:00:00,0.0
2017-03-08 19:30:00,0.0
2017-03-08 20:00:00,0.0
2017-03-08 20:30:00,0.0
2017-03-08 21:00:00,0.0
2017-03-08 21:30:00,0.0
2017-03-08 22:00:00,0.0
2017-03-08 22:30:00,0.0
2017-03-08 23:00:00,0.0
2017-03-08 23:30:00,0.0
2017-03-09 00:00:00,0.0
2017-03-09 00:30:00,0.0
2017-03-09 01:00:00,0.0
2017-03-09 01:30:00,0.0
2017-03-09 02:00:00,0.0
2017-03-09 02:30:00,0.0
2017-03-09 03:00:00,0.0
2017-03-09 03:30:00,0.0
2017-03-09 04:00:00,0.0
2017-03-09 04:30:00,0.0
2017-03-09 05:00:00,0.0
2017-03-09 05:30:00,0.0
2017-03-09 06:00:00,0.0
2017-03-09 06:30:00,0.0
2017-03-09 07:00:00,0.0
2017-03-09 07:30:00,0.0
2017-03-09 08:00:00,0.0
2017-03-09 08:30:00,0.0
2017-03-09 09:00:00,0.0
2017-03-09 09:30:00,-0.12932994816
2017-03-09 10:00:00,0.0498959733888
2017-03-09 10:30:00,0.0
2017-03-09 11:00:00,0.0
2017-03-09 11:30:00,0.0
2017-03-09 12:00:00,0.0
2017-03-09 12:30:00,-0.00626275368
2017-03-09 13:00:00,0.0144669610008
2017-03-09 13:30:00,0.0
2017-03-09 14:00:00,0.0
2017-03-09 14:30:00,0.0
2017-03-09 15:00:00,0.0
2017-03-09 15:30:00,0.0
2017-03-09 16:00:00,0.0
2017-03-09 16:30:00,0.0
2017-03-09 17:00:00,0.0
2017-03-09 17:30:00,0.0
2017-03-09 18:00:00,0.0
2017-03-09 18:30:00,0.0
2017-03-09 19:00:00,0.0
2017-03-09 19:30:00,0.0
2017-03-09 20:00:00,0.0
2017-03-09 20:30:00,0.0
2017-03-09 21:00:00,0.0
2017-03-09 21:30:00,0.0
2017-03-09 22:00:00,0.0
2017-03-09 22:30:00,0.0
2017-03-09 23:00:00,0.0
2017-03-09 23:30:00,0.0
2017-03-10 00:00:00,0.0
2017-03-10 00:30:00,0.0
2017-03-10 01:00:00,0.0
2017-03-10 01:30:00,0.0
2017-03-10 02:00:00,0.0
2017-03-10 02:30:00,0.0
2017-03-10 03:00:00,0.0
2017-03-10 03:30:00,0.0
2017-03-10 04:00:00,0.0
2017-03-10 04:30:00,0.0
2017-03-10 05:00:00,0.0
2017-03-10 05:30:00,0.0
2017-03-10 06:00:00,0.0
2017-03-10 06:30:00,0.0
2017-03-10 07:00:00,0.0
2017-03-10 07:30:00,0.0
2017-03-10 08:00:00,0.0
2017-03-10 08:30:00,0.0
2017-03-10 09:00:00,0.0
2017-03-10 09:30:00,0.0
2017-03-10 10:00:00,0.0
2017-03-10 10:30:00,-0.26116478064
2017-03-10 11:00:00,0.01049095992
2017-03-10 11:30:00,0.0465610575733
2017-03-10 12:00:00,0.0527575699019
2017-03-10 12:30:00,0.0
2017-03-10 13:00:00,0.0
2017-03-10 13:30:00,-0.446336682027
2017-03-10 14:00:00,-0.299468351093
2017-03-10 14:30:00,0.0367095510133
2017-03-10 15:00:00,0.0166409026933
2017-03-10 15:30:00,0.2255718248
2017-03-10 16:00:00,-0.0222211376
2017-03-10 16:30:00,0.12531880676
2017-03-10 17:00:00,0.210858947956
2017-03-10 17:30:00,0.0
2017-03-10 18:00:00,0.0
2017-03-10 18:30:00,0.0
2017-03-10 19:00:00,0.0
2017-03-10 19:30:00,0.0
2017-03-10 20:00:00,0.0
2017-03-10 20:30:00,0.0
2017-03-10 21:00:00,0.0
2017-03-10 21:30:00,0.0
2017-03-10 22:00:00,0.0
2017-03-10 22:30:00,0.0
2017-03-10 23:00:00,0.0
2017-03-10 23:30:00,0.0
2017-03-11 00:00:00,0.0
2017-03-11 00:30:00,0.0
2017-03-11 01:00:00,0.0
2017-03-11 01:30:00,0.0
2017-03-11 02:00:00,0.0
2017-03-11 02:30:00,0.0
2017-03-11 03:00:00,0.0
2017-03-11 03:30:00,0.0
2017-03-11 04:00:00,0.0
2017-03-11 04:30:00,0.0
2017-03-11 05:00:00,0.0
2017-03-11 05:30:00,0.0
2017-03-11 06:00:00,0.0
2017-03-11 06:30:00,0.0
2017-03-11 07:00:00,0.0
2017-03-11 07:30:00,0.0
2017-03-11 08:00:00,0.0
2017-03-11 08:30:00,-0.04361174524
2017-03-11 09:00:00,-1.33601185928
2017-03-11 09:30:00,-2.42157828416
2017-03-11 10:00:00,-1.12101647032
2017-03-11 10:30:00,-0.0112101647032
2017-03-11 11:00:00,-0.000112101647032
2017-03-11 11:30:00,-1.12101647062e-06
2017-03-11 12:00:00,-1.12101643879e-08
2017-03-11 12:30:00,-1.1210147477e-10
2017-03-11 13:00:00,-1.12109432848e-12
2017-03-11 13:30:00,-1.09423581307e-14
2017-03-11 14:00:00,0.0
2017-03-11 14:30:00,0.0
2017-03-11 15:00:00,0.0
2017-03-11 15:30:00,0.0
2017-03-11 16:00:00,0.0
2017-03-11 16:30:00,0.0
2017-03-11 17:00:00,0.50583399664
2017-03-11 17:30:00,0.34844166952
2017-03-11 18:00:00,0.52150436128
2017-03-11 18:30:00,0.50129749222
2017-03-11 19:00:00,0.0853825460262
2017-03-11 19:30:00,0.0
2017-03-11 20:00:00,0.0
2017-03-11 20:30:00,0.0
2017-03-11 21:00:00,0.0
2017-03-11 21:30:00,0.0
2017-03-11 22:00:00,0.0
2017-03-11 22:30:00,0.0
2017-03-11 23:00:00,0.0
2017-03-11 23:30:00,0.0
2017-03-12 00:00:00,0.0
2017-03-12 00:30:00,0.0
2017-03-12 01:00:00,0.0
2017-03-12 01:30:00,0.0
2017-03-12 02:00:00,0.0
2017-03-12 02:30:00,0.0
2017-03-12 03:00:00,0.0
2017-03-12 03:30:00,0.0
2017-03-12 04:00:00,0.0
2017-03-12 04:30:00,0.0
2017-03-12 05:00:00,0.0
2017-03-12 05:30:00,0.0
2017-03-12 06:00:00,0.0
2017-03-12 06:30:00,0.0
2017-03-12 07:00:00,0.0
2017-03-12 07:30:00,0.0
2017-03-12 08:00:00,0.0
2017-03-12 08:30:00,-0.37046325183
2017-03-12 09:00:00,-1.35765707504
2017-03-12 09:30:00,-1.70891028728
2017-03-12 10:00:00,-1.40899437112
2017-03-12 10:30:00,-0.0140899437112
2017-03-12 11:00:00,-0.000140899437112
2017-03-12 11:30:00,-1.40899437113e-06
2017-03-12 12:00:00,-1.40899433632e-08
2017-03-12 12:30:00,-1.4089977185e-10
2017-03-12 13:00:00,-1.40857991937e-12
2017-03-12 13:30:00,-1.39266376209e-14
2017-03-12 14:00:00,0.0
2017-03-12 14:30:00,0.0
2017-03-12 15:00:00,0.0
2017-03-12 15:30:00,0.0
2017-03-12 16:00:00,0.0
2017-03-12 16:30:00,0.26234992448
2017-03-12 17:00:00,0.39178395032
2017-03-12 17:30:00,0.2999787798
2017-03-12 18:00:00,0.42548882208
2017-03-12 18:30:00,0.5020359442
2017-03-12 19:00:00,0.0
2017-03-12 19:30:00,0.0
2017-03-12 20:00:00,0.0
2017-03-12 20:30:00,0.0
2017-03-12 21:00:00,0.0
2017-03-12 21:30:00,0.0
2017-03-12 22:00:00,0.0
2017-03-12 22:30:00,0.0
2017-03-12 23:00:00,0.0
2017-03-12 23:30:00,0.0
2017-03-13 00:00:00,0.0
2017-03-13 00:30:00,0.0
2017-03-13 01:00:00,0.0
2017-03-13 01:30:00,0.0
2017-03-13 02:00:00,0.0
2017-03-13 02:30:00,0.0
2017-03-13 03:00:00,0.0
2017-03-13 03:30:00,0.0
2017-03-13 04:00:00,0.0
2017-03-13 04:30:00,0.0
2017-03-13 05:00:00,0.0
2017-03-13 05:30:00,0.0
2017-03-13 06:00:00,0.0
2017-03-13 06:30:00,0.0
2017-03-13 07:00:00,0.0
2017-03-13 07:30:00,0.0
2017-03-13 08:00:00,0.0
2017-03-13 08:30:00,0.0
2017-03-13 09:00:00,0.0
2017-03-13 09:30:00,0.0
2017-03-13 10:00:00,0.0
2017-03-13 10:30:00,0.0
2017-03-13 11:00:00,0.0
2017-03-13 11:30:00,0.0
2017-03-13 12:00:00,0.0
2017-03-13 12:30:00,0.0
2017-03-13 13:00:00,0.0
2017-03-13 13:30:00,0.0
2017-03-13 14:00:00,0.0
2017-03-13 14:30:00,0.0
2017-03-13 15:00:00,0.0
2017-03-13 15:30:00,0.0
2017-03-13 16:00:00,0.0
2017-03-13 16:30:00,0.0
2017-03-13 17:00:00,0.0
2017-03-13 17:30:00,0.0
2017-03-13 18:00:00,0.0
2017-03-13 18:30:00,0.0
2017-03-13 19:00:00,0.0
2017-03-13 19:30:00,0.0
2017-03-13 20:00:00,0.0
2017-03-13 20:30:00,0.0
2017-03-13 21:00:00,0.0
2017-03-13 21:30:00,0.0
2017-03-13 22:00:00,0.0
2017-03-13 22:30:00,0.0
2017-03-13 23:00:00,0.0
2017-03-13 23:30:00,0.0
2017-03-14 00:00:00,0.0
2017-03-14 00:30:00,0.0
2017-03-14 01:00:00,0.0
2017-03-14 01:30:00,0.0
2017-03-14 02:00:00,0.0
2017-03-14 02:30:00,0.0
2017-03-14 03:00:00,0.0
2017-03-14 03:30:00,0.0
2017-03-14 04:00:00,0.0
2017-03-14 04:30:00,0.0
2017-03-14 05:00:00,0.0
2017-03-14 05:30:00,0.0
2017-03-14 06:00:00,0.0
2017-03-14 06:30:00,0.0
2017-03-14 07:00:00,0.0
2017-03-14 07:30:00,0.0
2017-03-14 08:00:00,0.0
2017-03-14 08:30:00,0.0
2017-03-14 09:00:00,0.0
2017-03-14 09:30:00,0.0
2017-03-14 10:00:00,0.0
2017-03-14 10:30:00,0.0
2017-03-14 11:00:00,0.0
2017-03-14 11:30:00,0.0
2017-03-14 12:00:00,0.0
2017-03-14 12:30:00,0.0
2017-03-14 13:00:00,0.0
2017-03-14 13:30:00,0.0
2017-03-14 14:00:00,0.0
2017-03-14 14:30:00,0.0
2017-03-14 15:00:00,0.0
2017-03-14 15:30:00,0.0
2017-03-14 16:00:00,0.0
2017-03-14 16:30:00,0.0
2017-03-14 17:00:00,0.0
2017-03-14 17:30:00,0.0
2017-03-14 18:00:00,0.0
2017-03-14 18:30:00,0.0
2017-03-14 19:00:00,0.0
2017-03-14 19:30:00,0.0
2017-03-14 20:00:00,0.0
2017-03-14 20:30:00,0.0
2017-03-14 21:00:00,0.0
2017-03-14 21:30:00,0.0
2017-03-14 22:00:00,0.0
2017-03-14 22:30:00,0.0
2017-03-14 23:00:00,0.0
2017-03-14 23:30:00,0.0
2017-03-15 00:00:00,0.0
2017-03-15 00:30:00,0.0
2017-03-15 01:00:00,0.0
2017-03-15 01:30:00,0.0
2017-03-15 02:00:00,0.0
2017-03-15 02:30:00,0.0
2017-03-15 03:00:00,0.0
2017-03-15 03:30:00,0.0
2017-03-15 04:00:00,0.0
2017-03-15 04:30:00,0.0
2017-03-15 05:00:00,0.0
2017-03-15 05:30:00,0.0
2017-03-15 06:00:00,0.0
2017-03-15 06:30:00,0.0
2017-03-15 07:00:00,0.0
2017-03-15 07:30:00,0.0
2017-03-15 08:00:00,0.0
2017-03-15 08:30:00,0.0
2017-03-15 09:00:00,0.0
2017-03-15 09:30:00,0.0
2017-03-15 10:00:00,0.0
2017-03-15 10:30:00,0.0
2017-03-15 11:00:00,0.0
2017-03-15 11:30:00,0.0
2017-03-15 12:00:00,0.0
2017-03-15 12:30:00,0.0
2017-03-15 13:00:00,0.0
2017-03-15 13:30:00,0.0
2017-03-15 14:00:00,0.0
2017-03-15 14:30:00,0.0
2017-03-15 15:00:00,0.0
2017-03-15 15:30:00,0.0
2017-03-15 16:00:00,0.0
2017-03-15 16:30:00,0.0
2017-03-15 17:00:00,0.0
2017-03-15 17:30:00,0.0
2017-03-15 18:00:00,0.0
2017-03-15 18:30:00,0.0
2017-03-15 19:00:00,0.0
2017-03-15 19:30:00,0.0
2017-03-15 20:00:00,0.0
2017-03-15 20:30:00,0.0
2017-03-15 21:00:00,0.0
2017-03-15 21:30:00,0.0
2017-03-15 22:00:00,0.0
2017-03-15 22:30:00,0.0
2017-03-15 23:00:00,0.0
2017-03-15 23:30:00,0.0
2017-03-16 00:00:00,0.0
2017-03-16 00:30:00,0.0
2017-03-16 01:00:00,0.0
2017-03-16 01:30:00,0.0
2017-03-16 02:00:00,0.0
2017-03-16 02:30:00,0.0
2017-03-16 03:00:00,0.0
2017-03-16 03:30:00,0.0
2017-03-16 04:00:00,0.0
2017-03-16 04:30:00,0.0
2017-03-16 05:00:00,0.0
2017-03-16 05:30:00,0.0
2017-03-16 06:00:00,0.0
2017-03-16 06:30:00,0.0
2017-03-16 07:00:00,0.0
2017-03-16 07:30:00,0.0
2017-03-16 08:00:00,0.0
2017-03-16 08:30:00,0.0
2017-03-16 09:00:00,0.0
2017-03-16 09:30:00,0.0
2017-03-16 10:00:00,0.0
2017-03-16 10:30:00,0.0
2017-03-16 11:00:00,0.0
2017-03-16 11:30:00,0.0
2017-03-16 12:00:00,0.0
2017-03-16 12:30:00,0.0
2017-03-16 13:00:00,0.0
2017-03-16 13:30:00,0.0
2017-03-16 14:00:00,0.0
2017-03-16 14:30:00,0.0
2017-03-16 15:00:00,0.0
2017-03-16 15:30:00,0.0
2017-03-16 16:00:00,0.0
2017-03-16 16:30:00,0.0
2017-03-16 17:00:00,0.0
2017-03-16 17:30:00,0.0
2017-03-16 18:00:00,0.0
2017-03-16 18:30:00,0.0
2017-03-16 19:00:00,0.0
2017-03-16 19:30:00,0.0
2017-03-16 20:00:00,0.0
2017-03-16 20:30:00,0.0
2017-03-16 21:00:00,0.0
2017-03-16 21:30:00,0.0
2017-03-16 22:00:00,0.0
2017-03-16 22:30:00,0.0
2017-03-16 23:00:00,0.0
2017-03-16 23:30:00,0.0
2017-03-17 00:00:00,0.0
2017-03-17 00:30:00,0.0
2017-03-17 01:00:00,0.0
2017-03-17 01:30:00,0.0
2017-03-17 02:00:00,0.0
2017-03-17 02:30:00,0.0
2017-03-17 03:00:00,0.0
2017-03-17 03:30:00,0.0
2017-03-17 04:00:00,0.0
2017-03-17 04:30:00,0.0
2017-03-17 05:00:00,0.0
2017-03-17 05:30:00,0.0
2017-03-17 06:00:00,0.0
2017-03-17 06:30:00,0.0
2017-03-17 07:00:00,0.0
2017-03-17 07:30:00,0.0
2017-03-17 08:00:00,0.0
2017-03-17 08:30:00,0.0
2017-03-17 09:00:00,-0.28465803164
2017-03-17 09:30:00,-1.0676919708
2017-03-17 10:00:00,-0.83005143816
2017-03-17 10:30:00,-0.73236837128
2017-03-17 11:00:00,-0.84159297376
2017-03-17 11:30:00,-1.09050472481
2017-03-17 12:00:00,-0.0109050472481
2017-03-17 12:30:00,-0.000109050472481
2017-03-17 13:00:00,0.459294975253
2017-03-17 13:30:00,0.43906647036
2017-03-17 14:00:00,0.159703081067
2017-03-17 14:30:00,0.776220125333
2017-03-17 15:00:00,1.09492717983
2017-03-17 15:30:00,0.0
2017-03-17 16:00:00,0.0
2017-03-17 16:30:00,0.0
2017-03-17 17:00:00,0.0
2017-03-17 17:30:00,0.0
2017-03-17 18:00:00,0.0
2017-03-17 18:30:00,0.0
2017-03-17 19:00:00,0.0
2017-03-17 19:30:00,0.0
2017-03-17 20:00:00,0.0
2017-03-17 20:30:00,0.0
2017-03-17 21:00:00,0.0
2017-03-17 21:30:00,0.0
2017-03-17 22:00:00,0.0
2017-03-17 22:30:00,0.0
2017-03-17 23:00:00,0.0
2017-03-17 23:30:00,0.0
2017-03-18 00:00:00,0.0
2017-03-18 00:30:00,0.0
2017-03-18 01:00:00,0.0
2017-03-18 01:30:00,0.0
2017-03-18 02:00:00,0.0
2017-03-18 02:30:00,0.0
2017-03-18 03:00:00,0.0
2017-03-18 03:30:00,0.0
2017-03-18 04:00:00,0.0
2017-03-18 04:30:00,0.0
2017-03-18 05:00:00,0.0
2017-03-18 05:30:00,0.0
2017-03-18 06:00:00,0.0
2017-03-18 06:30:00,0.0
2017-03-18 07:00:00,0.0
2017-03-18 07:30:00,0.0
2017-03-18 08:00:00,-0.30172224096
2017-03-18 08:30:00,-0.79611698432
2017-03-18 09:00:00,-1.09823981904
2017-03-18 09:30:00,-1.64487980832
2017-03-18 10:00:00,-1.09745073589
2017-03-18 10:30:00,-0.0109745073589
2017-03-18 11:00:00,-0.000109745073588
2017-03-18 11:30:00,-1.09745073559e-06
2017-03-18 12:00:00,-1.09745077737e-08
2017-03-18 12:30:00,-1.09744888732e-10
2017-03-18 13:00:00,-1.09722009256e-12
2017-03-18 13:30:00,-1.09423581307e-14
2017-03-18 14:00:00,0.0
2017-03-18 14:30:00,0.0
2017-03-18 15:00:00,0.0
2017-03-18 15:30:00,0.0
2017-03-18 16:00:00,0.09105690412
2017-03-18 16:30:00,0.120505223067
2017-03-18 17:00:00,0.26420794078
2017-03-18 17:30:00,0.47069670074
2017-03-18 18:00:00,0.54456061552
2017-03-18 18:30:00,0.438762716576
2017-03-18 19:00:00,0.0
2017-03-18 19:30:00,0.0
2017-03-18 20:00:00,0.0
2017-03-18 20:30:00,0.0
2017-03-18 21:00:00,0.0
2017-03-18 21:30:00,0.0
2017-03-18 22:00:00,0.0
2017-03-18 22:30:00,0.0
2017-03-18 23:00:00,0.0
2017-03-18 23:30:00,0.0
2017-03-19 00:00:00,0.0
2017-03-19 00:30:00,0.0
2017-03-19 01:00:00,0.0
2017-03-19 01:30:00,0.0
2017-03-19 02:00:00,0.0
2017-03-19 02:30:00,0.0
2017-03-19 03:00:00,0.0
2017-03-19 03:30:00,0.0
2017-03-19 04:00:00,0.0
2017-03-19 04:30:00,0.0
2017-03-19 05:00:00,0.0
2017-03-19 05:30:00,0.0
2017-03-19 06:00:00,0.0
2017-03-19 06:30:00,0.0
2017-03-19 07:00:00,0.0
2017-03-19 07:30:00,0.0
2017-03-19 08:00:00,0.0
2017-03-19 08:30:00,0.0
2017-03-19 09:00:00,-0.50663625936
2017-03-19 09:30:00,-0.46628838984
2017-03-19 10:00:00,-0.506799909187
2017-03-19 10:30:00,-0.650399064
2017-03-19 11:00:00,-1.11956003096
2017-03-19 11:30:00,-1.61704180792
2017-03-19 12:00:00,-0.0481817749
2017-03-19 12:30:00,-0.000481817749
2017-03-19 13:00:00,0.02921284576
2017-03-19 13:30:00,0.14972681808
2017-03-19 14:00:00,0.10048453576
2017-03-19 14:30:00,0.17435047728
2017-03-19 15:00:00,-0.04299698585
2017-03-19 15:30:00,0.05233535384
2017-03-19 16:00:00,0.2283124452
2017-03-19 16:30:00,0.0996883167
2017-03-19 17:00:00,0.0897589336
2017-03-19 17:30:00,0.2753422483
2017-03-19 18:00:00,0.39888748025
2017-03-19 18:30:00,0.418822962963
2017-03-19 19:00:00,0.11030279271
2017-03-19 19:30:00,0.0
2017-03-19 20:00:00,0.0
2017-03-19 20:30:00,0.0
2017-03-19 21:00:00,0.0
2017-03-19 21:30:00,0.0
2017-03-19 22:00:00,0.0
2017-03-19 22:30:00,0.0
2017-03-19 23:00:00,0.0
2017-03-19 23:30:00,0.0
2017-03-20 00:00:00,0.0
2017-03-20 00:30:00,0.0
2017-03-20 01:00:00,0.0
2017-03-20 01:30:00,0.0
2017-03-20 02:00:00,0.0
2017-03-20 02:30:00,0.0
2017-03-20 03:00:00,0.0
2017-03-20 03:30:00,0.0
2017-03-20 04:00:00,0.0
2017-03-20 04:30:00,0.0
2017-03-20 05:00:00,0.0
2017-03-20 05:30:00,0.0
2017-03-20 06:00:00,0.0
2017-03-20 06:30:00,0.0
2017-03-20 07:00:00,0.0
2017-03-20 07:30:00,0.0
2017-03-20 08:00:00,0.0
2017-03-20 08:30:00,0.0
2017-03-20 09:00:00,0.0
2017-03-20 09:30:00,0.0
2017-03-20 10:00:00,0.0
2017-03-20 10:30:00,0.0
2017-03-20 11:00:00,0.0
2017-03-20 11:30:00,0.0
2017-03-20 12:00:00,0.0
2017-03-20 12:30:00,0.0
2017-03-20 13:00:00,0.0
2017-03-20 13:30:00,0.0
2017-03-20 14:00:00,0.0
2017-03-20 14:30:00,0.0
2017-03-20 15:00:00,0.0
2017-03-20 15:30:00,0.0
2017-03-20 16:00:00,0.0
2017-03-20 16:30:00,0.0
2017-03-20 17:00:00,0.0
2017-03-20 17:30:00,0.0
2017-03-20 18:00:00,0.0
2017-03-20 18:30:00,0.0
2017-03-20 19:00:00,0.0
2017-03-20 19:30:00,0.0
2017-03-20 20:00:00,0.0
2017-03-20 20:30:00,0.0
2017-03-20 21:00:00,0.0
2017-03-20 21:30:00,0.0
2017-03-20 22:00:00,0.0
2017-03-20 22:30:00,0.0
2017-03-20 23:00:00,0.0
2017-03-20 23:30:00,0.0
2017-03-21 00:00:00,0.0
2017-03-21 00:30:00,0.0
2017-03-21 01:00:00,0.0
2017-03-21 01:30:00,0.0
2017-03-21 02:00:00,0.0
2017-03-21 02:30:00,0.0
2017-03-21 03:00:00,0.0
2017-03-21 03:30:00,0.0
2017-03-21 04:00:00,0.0
2017-03-21 04:30:00,0.0
2017-03-21 05:00:00,0.0
2017-03-21 05:30:00,0.0
2017-03-21 06:00:00,0.0
2017-03-21 06:30:00,0.0
2017-03-21 07:00:00,0.0
2017-03-21 07:30:00,0.0
2017-03-21 08:00:00,0.0
2017-03-21 08:30:00,0.0
2017-03-21 09:00:00,0.0
2017-03-21 09:30:00,0.0
2017-03-21 10:00:00,0.0
2017-03-21 10:30:00,0.0
2017-03-21 11:00:00,0.0
2017-03-21 11:30:00,0.0
2017-03-21 12:00:00,0.0
2017-03-21 12:30:00,0.0
2017-03-21 13:00:00,0.0
2017-03-21 13:30:00,0.0
2017-03-21 14:00:00,0.0
2017-03-21 14:30:00,0.0
2017-03-21 15:00:00,0.0
2017-03-21 15:30:00,0.0
2017-03-21 16:00:00,0.0
2017-03-21 16:30:00,0.0
2017-03-21 17:00:00,0.0
2017-03-21 17:30:00,0.0
2017-03-21 18:00:00,0.0
2017-03-21 18:30:00,0.0
2017-03-21 19:00:00,0.0
2017-03-21 19:30:00,0.0
2017-03-21 20:00:00,0.0
2017-03-21 20:30:00,0.0
2017-03-21 21:00:00,0.0
2017-03-21 21:30:00,0.0
2017-03-21 22:00:00,0.0
2017-03-21 22:30:00,0.0
2017-03-21 23:00:00,0.0
2017-03-21 23:30:00,0.0
2017-03-22 00:00:00,0.0
2017-03-22 00:30:00,0.0
2017-03-22 01:00:00,0.0
2017-03-22 01:30:00,0.0
2017-03-22 02:00:00,0.0
2017-03-22 02:30:00,0.0
2017-03-22 03:00:00,0.0
2017-03-22 03:30:00,0.0
2017-03-22 04:00:00,0.0
2017-03-22 04:30:00,0.0
2017-03-22 05:00:00,0.0
2017-03-22 05:30:00,0.0
2017-03-22 06:00:00,0.0
2017-03-22 06:30:00,0.0
2017-03-22 07:00:00,0.0
2017-03-22 07:30:00,0.0
2017-03-22 08:00:00,0.0
2017-03-22 08:30:00,0.0
2017-03-22 09:00:00,0.0
2017-03-22 09:30:00,0.0
2017-03-22 10:00:00,0.0
2017-03-22 10:30:00,0.0
2017-03-22 11:00:00,0.0
2017-03-22 11:30:00,0.0
2017-03-22 12:00:00,0.0
2017-03-22 12:30:00,0.0
2017-03-22 13:00:00,0.0
2017-03-22 13:30:00,0.0
2017-03-22 14:00:00,0.0
2017-03-22 14:30:00,0.0
2017-03-22 15:00:00,0.0
2017-03-22 15:30:00,0.0
2017-03-22 16:00:00,0.0
2017-03-22 16:30:00,0.0
2017-03-22 17:00:00,0.0
2017-03-22 17:30:00,0.0
2017-03-22 18:00:00,0.0
2017-03-22 18:30:00,0.0
2017-03-22 19:00:00,0.0
2017-03-22 19:30:00,0.0
2017-03-22 20:00:00,0.0
2017-03-22 20:30:00,0.0
2017-03-22 21:00:00,0.0
2017-03-22 21:30:00,0.0
2017-03-22 22:00:00,0.0
2017-03-22 22:30:00,0.0
2017-03-22 23:00:00,0.0
2017-03-22 23:30:00,0.0
2017-03-23 00:00:00,0.0
2017-03-23 00:30:00,0.0
2017-03-23 01:00:00,0.0
2017-03-23 01:30:00,0.0
2017-03-23 02:00:00,0.0
2017-03-23 02:30:00,0.0
2017-03-23 03:00:00,0.0
2017-03-23 03:30:00,0.0
2017-03-23 04:00:00,0.0
2017-03-23 04:30:00,0.0
2017-03-23 05:00:00,0.0
2017-03-23 05:30:00,0.0
2017-03-23 06:00:00,0.0
2017-03-23 06:30:00,0.0
2017-03-23 07:00:00,0.0
2017-03-23 07:30:00,0.0
2017-03-23 08:00:00,0.0
2017-03-23 08:30:00,0.0
2017-03-23 09:00:00,0.0
2017-03-23 09:30:00,0.0
2017-03-23 10:00:00,0.0
2017-03-23 10:30:00,0.0
2017-03-23 11:00:00,0.0
2017-03-23 11:30:00,0.0
2017-03-23 12:00:00,0.0
2017-03-23 12:30:00,0.0
2017-03-23 13:00:00,0.0
2017-03-23 13:30:00,0.0
2017-03-23 14:00:00,0.0
2017-03-23 14:30:00,0.0
2017-03-23 15:00:00,0.0
2017-03-23 15:30:00,0.0
2017-03-23 16:00:00,0.0
2017-03-23 16:30:00,0.0
2017-03-23 17:00:00,0.0
2017-03-23 17:30:00,0.0
2017-03-23 18:00:00,0.0
2017-03-23 18:30:00,0.0
2017-03-23 19:00:00,0.0
2017-03-23 19:30:00,0.0
2017-03-23 20:00:00,0.0
2017-03-23 20:30:00,0.0
2017-03-23 21:00:00,0.0
2017-03-23 21:30:00,0.0
2017-03-23 22:00:00,0.0
2017-03-23 22:30:00,0.0
2017-03-23 23:00:00,0.0
2017-03-23 23:30:00,0.0
2017-03-24 00:00:00,0.0
2017-03-24 00:30:00,0.0
2017-03-24 01:00:00,0.0
2017-03-24 01:30:00,0.0
2017-03-24 02:00:00,0.0
2017-03-24 02:30:00,0.0
2017-03-24 03:00:00,0.0
2017-03-24 03:30:00,0.0
2017-03-24 04:00:00,0.0
2017-03-24 04:30:00,0.0
2017-03-24 05:00:00,0.0
2017-03-24 05:30:00,0.0
2017-03-24 06:00:00,0.0
2017-03-24 06:30:00,0.0
2017-03-24 07:00:00,0.0
2017-03-24 07:30:00,0.0
2017-03-24 08:00:00,0.0
2017-03-24 08:30:00,0.0
2017-03-24 09:00:00,0.0
2017-03-24 09:30:00,0.0
2017-03-24 10:00:00,0.0
2017-03-24 10:30:00,0.0
2017-03-24 11:00:00,0.0
2017-03-24 11:30:00,0.0
2017-03-24 12:00:00,0.0
2017-03-24 12:30:00,0.0
2017-03-24 13:00:00,0.0
2017-03-24 13:30:00,0.0
2017-03-24 14:00:00,0.0
2017-03-24 14:30:00,0.0
2017-03-24 15:00:00,0.0
2017-03-24 15:30:00,0.0
2017-03-24 16:00:00,0.0
2017-03-24 16:30:00,0.0
2017-03-24 17:00:00,0.0
2017-03-24 17:30:00,0.0
2017-03-24 18:00:00,0.0
2017-03-24 18:30:00,0.0
2017-03-24 19:00:00,0.0
2017-03-24 19:30:00,0.0
2017-03-24 20:00:00,0.0
2017-03-24 20:30:00,0.0
2017-03-24 21:00:00,0.0
2017-03-24 21:30:00,0.0
2017-03-24 22:00:00,0.0
2017-03-24 22:30:00,0.0
2017-03-24 23:00:00,0.0
2017-03-24 23:30:00,0.0
2017-03-25 00:00:00,0.0
2017-03-25 00:30:00,0.0
2017-03-25 01:00:00,0.0
2017-03-25 01:30:00,0.0
2017-03-25 02:00:00,0.0
2017-03-25 02:30:00,0.0
2017-03-25 03:00:00,0.0
2017-03-25 03:30:00,0.0
2017-03-25 04:00:00,0.0
2017-03-25 04:30:00,0.0
2017-03-25 05:00:00,0.0
2017-03-25 05:30:00,0.0
2017-03-25 06:00:00,0.0
2017-03-25 06:30:00,0.0
2017-03-25 07:00:00,0.0
2017-03-25 07:30:00,0.0
2017-03-25 08:00:00,-0.04956739928
2017-03-25 08:30:00,-0.444122648783
2017-03-25 09:00:00,-0.91880870872
2017-03-25 09:30:00,-1.20515392312
2017-03-25 10:00:00,-1.07590639912
2017-03-25 10:30:00,-0.97502152944
2017-03-25 11:00:00,-0.175996949649
2017-03-25 11:30:00,-0.00175996949649
2017-03-25 12:00:00,-1.7599694965e-05
2017-03-25 12:30:00,-1.75996949849e-07
2017-03-25 13:00:00,-1.7599698765e-09
2017-03-25 13:30:00,-1.75992909135e-11
2017-03-25 14:00:00,-1.76072489921e-13
2017-03-25 14:30:00,-1.98951966013e-15
2017-03-25 15:00:00,0.0
2017-03-25 15:30:00,0.16689724436
2017-03-25 16:00:00,0.30828644084
2017-03-25 16:30:00,0.23884607026
2017-03-25 17:00:00,0.29100886458
2017-03-25 17:30:00,0.348997652416
2017-03-25 18:00:00,0.29205408631
2017-03-25 18:30:00,0.0
2017-03-25 19:00:00,0.0
2017-03-25 19:30:00,0.0
2017-03-25 20:00:00,0.0
2017-03-25 20:30:00,0.0
2017-03-25 21:00:00,0.0
2017-03-25 21:30:00,0.0
2017-03-25 22:00:00,0.0
2017-03-25 22:30:00,0.0
2017-03-25 23:00:00,0.0
2017-03-25 23:30:00,0.0
2017-03-26 00:00:00,0.0
2017-03-26 00:30:00,0.0
2017-03-26 01:00:00,0.0
2017-03-26 01:30:00,0.0
2017-03-26 02:00:00,0.0
2017-03-26 02:30:00,0.0
2017-03-26 03:00:00,0.0
2017-03-26 03:30:00,0.0
2017-03-26 04:00:00,0.0
2017-03-26 04:30:00,0.0
2017-03-26 05:00:00,0.0
2017-03-26 05:30:00,0.0
2017-03-26 06:00:00,0.0
2017-03-26 06:30:00,0.0
2017-03-26 07:00:00,0.0
2017-03-26 07:30:00,0.0
2017-03-26 08:00:00,-0.36313390134
2017-03-26 08:30:00,-0.90897582216
2017-03-26 09:00:00,-1.45131253344
2017-03-26 09:30:00,-2.0349857332
2017-03-26 10:00:00,-0.105132931254
2017-03-26 10:30:00,-0.00105132931254
2017-03-26 11:00:00,-1.05132931252e-05
2017-03-26 11:30:00,-1.05132931481e-07
2017-03-26 12:00:00,-1.05132883732e-09
2017-03-26 12:30:00,-1.05136166439e-11
2017-03-26 13:00:00,-1.05444541987e-13
2017-03-26 13:30:00,-9.94759830064e-16
2017-03-26 14:00:00,0.0
2017-03-26 14:30:00,0.0
2017-03-26 15:00:00,0.0
2017-03-26 15:30:00,0.0
2017-03-26 16:00:00,0.0
2017-03-26 16:30:00,0.3469063668
2017-03-26 17:00:00,0.19462796038
2017-03-26 17:30:00,0.5753710396
2017-03-26 18:00:00,0.41731628575
2017-03-26 18:30:00,0.37864221472
2017-03-26 19:00:00,0.0
2017-03-26 19:30:00,0.0
2017-03-26 20:00:00,0.0
2017-03-26 20:30:00,0.0
2017-03-26 21:00:00,0.0
2017-03-26 21:30:00,0.0
2017-03-26 22:00:00,0.0
2017-03-26 22:30:00,0.0
2017-03-26 23:00:00,0.0
2017-03-26 23:30:00,0.0
2017-03-27 00:00:00,0.0
2017-03-27 00:30:00,0.0
2017-03-27 01:00:00,0.0
2017-03-27 01:30:00,0.0
2017-03-27 02:00:00,0.0
2017-03-27 02:30:00,0.0
2017-03-27 03:00:00,0.0
2017-03-27 03:30:00,0.0
2017-03-27 04:00:00,0.0
2017-03-27 04:30:00,0.0
2017-03-27 05:00:00,0.0
2017-03-27 05:30:00,0.0
2017-03-27 06:00:00,0.0
2017-03-27 06:30:00,0.0
2017-03-27 07:00:00,0.0
2017-03-27 07:30:00,0.0
2017-03-27 08:00:00,0.0
2017-03-27 08:30:00,0.0
2017-03-27 09:00:00,0.0
2017-03-27 09:30:00,0.0
2017-03-27 10:00:00,0.0
2017-03-27 10:30:00,0.0
2017-03-27 11:00:00,0.0
2017-03-27 11:30:00,0.0
2017-03-27 12:00:00,0.0
2017-03-27 12:30:00,0.0
2017-03-27 13:00:00,0.0
2017-03-27 13:30:00,0.0
2017-03-27 14:00:00,0.0
2017-03-27 14:30:00,0.0
2017-03-27 15:00:00,0.0
2017-03-27 15:30:00,0.0
2017-03-27 16:00:00,0.0
2017-03-27 16:30:00,0.0
2017-03-27 17:00:00,0.0
2017-03-27 17:30:00,0.0
2017-03-27 18:00:00,0.0
2017-03-27 18:30:00,0.0
2017-03-27 19:00:00,0.0
2017-03-27 19:30:00,0.0
2017-03-27 20:00:00,0.0
2017-03-27 20:30:00,0.0
2017-03-27 21:00:00,0.0
2017-03-27 21:30:00,0.0
2017-03-27 22:00:00,0.0
2017-03-27 22:30:00,0.0
2017-03-27 23:00:00,0.0
2017-03-27 23:30:00,0.0
2017-03-28 00:00:00,0.0
2017-03-28 00:30:00,0.0
2017-03-28 01:00:00,0.0
2017-03-28 01:30:00,0.0
2017-03-28 02:00:00,0.0
2017-03-28 02:30:00,0.0
2017-03-28 03:00:00,0.0
2017-03-28 03:30:00,0.0
2017-03-28 04:00:00,0.0
2017-03-28 04:30:00,0.0
2017-03-28 05:00:00,0.0
2017-03-28 05:30:00,0.0
2017-03-28 06:00:00,0.0
2017-03-28 06:30:00,0.0
2017-03-28 07:00:00,0.0
2017-03-28 07:30:00,0.0
2017-03-28 08:00:00,0.0
2017-03-28 08:30:00,0.0
2017-03-28 09:00:00,0.0
2017-03-28 09:30:00,0.0
2017-03-28 10:00:00,0.0
2017-03-28 10:30:00,0.0
2017-03-28 11:00:00,0.0
2017-03-28 11:30:00,0.0
2017-03-28 12:00:00,0.0
2017-03-28 12:30:00,-0.02774347644
2017-03-28 13:00:00,0.0121934512392
2017-03-28 13:30:00,0.0
2017-03-28 14:00:00,0.0
2017-03-28 14:30:00,0.0
2017-03-28 15:00:00,0.0
2017-03-28 15:30:00,0.0
2017-03-28 16:00:00,0.0
2017-03-28 16:30:00,0.0
2017-03-28 17:00:00,0.0
2017-03-28 17:30:00,0.0
2017-03-28 18:00:00,0.0
2017-03-28 18:30:00,0.0
2017-03-28 19:00:00,0.0
2017-03-28 19:30:00,0.0
2017-03-28 20:00:00,0.0
2017-03-28 20:30:00,0.0
2017-03-28 21:00:00,0.0
2017-03-28 21:30:00,0.0
2017-03-28 22:00:00,0.0
2017-03-28 22:30:00,0.0
2017-03-28 23:00:00,0.0
2017-03-28 23:30:00,0.0
2017-03-29 00:00:00,0.0
2017-03-29 00:30:00,0.0
2017-03-29 01:00:00,0.0
2017-03-29 01:30:00,0.0
2017-03-29 02:00:00,0.0
2017-03-29 02:30:00,0.0
2017-03-29 03:00:00,0.0
2017-03-29 03:30:00,0.0
2017-03-29 04:00:00,0.0
2017-03-29 04:30:00,0.0
2017-03-29 05:00:00,0.0
2017-03-29 05:30:00,0.0
2017-03-29 06:00:00,0.0
2017-03-29 06:30:00,0.0
2017-03-29 07:00:00,0.0
2017-03-29 07:30:00,0.0
2017-03-29 08:00:00,0.0
2017-03-29 08:30:00,0.0
2017-03-29 09:00:00,0.0
2017-03-29 09:30:00,0.0
2017-03-29 10:00:00,0.0
2017-03-29 10:30:00,0.0
2017-03-29 11:00:00,0.0
2017-03-29 11:30:00,0.0
2017-03-29 12:00:00,0.0
2017-03-29 12:30:00,0.0
2017-03-29 13:00:00,0.0
2017-03-29 13:30:00,0.0
2017-03-29 14:00:00,0.0
2017-03-29 14:30:00,0.0
2017-03-29 15:00:00,0.0
2017-03-29 15:30:00,0.0
2017-03-29 16:00:00,0.0
2017-03-29 16:30:00,0.0
2017-03-29 17:00:00,0.0
2017-03-29 17:30:00,0.0
2017-03-29 18:00:00,0.0
2017-03-29 18:30:00,0.0
2017-03-29 19:00:00,0.0
2017-03-29 19:30:00,0.0
2017-03-29 20:00:00,0.0
2017-03-29 20:30:00,0.0
2017-03-29 21:00:00,0.0
2017-03-29 21:30:00,0.0
2017-03-29 22:00:00,0.0
2017-03-29 22:30:00,0.0
2017-03-29 23:00:00,0.0
2017-03-29 23:30:00,0.0
2017-03-30 00:00:00,0.0
2017-03-30 00:30:00,0.0
2017-03-30 01:00:00,0.0
2017-03-30 01:30:00,0.0
2017-03-30 02:00:00,0.0
2017-03-30 02:30:00,0.0
2017-03-30 03:00:00,0.0
2017-03-30 03:30:00,0.0
2017-03-30 04:00:00,0.0
2017-03-30 04:30:00,0.0
2017-03-30 05:00:00,0.0
2017-03-30 05:30:00,0.0
2017-03-30 06:00:00,0.0
2017-03-30 06:30:00,0.0
2017-03-30 07:00:00,0.0
2017-03-30 07:30:00,0.0
2017-03-30 08:00:00,0.0
2017-03-30 08:30:00,0.0
2017-03-30 09:00:00,0.0
2017-03-30 09:30:00,0.0
2017-03-30 10:00:00,0.0
2017-03-30 10:30:00,0.0
2017-03-30 11:00:00,0.0
2017-03-30 11:30:00,0.0
2017-03-30 12:00:00,0.0
2017-03-30 12:30:00,0.0
2017-03-30 13:00:00,0.0
2017-03-30 13:30:00,0.0
2017-03-30 14:00:00,0.0
2017-03-30 14:30:00,0.0
2017-03-30 15:00:00,0.0
2017-03-30 15:30:00,0.0
2017-03-30 16:00:00,0.0
2017-03-30 16:30:00,0.0
2017-03-30 17:00:00,0.0
2017-03-30 17:30:00,0.0
2017-03-30 18:00:00,0.0
2017-03-30 18:30:00,0.0
2017-03-30 19:00:00,0.0
2017-03-30 19:30:00,0.0
2017-03-30 20:00:00,0.0
2017-03-30 20:30:00,0.0
2017-03-30 21:00:00,0.0
2017-03-30 21:30:00,0.0
2017-03-30 22:00:00,0.0
2017-03-30 22:30:00,0.0
2017-03-30 23:00:00,0.0
2017-03-30 23:30:00,0.0
2017-03-31 00:00:00,0.0
2017-03-31 00:30:00,0.0
2017-03-31 01:00:00,0.0
2017-03-31 01:30:00,0.0
2017-03-31 02:00:00,0.0
2017-03-31 02:30:00,0.0
2017-03-31 03:00:00,0.0
2017-03-31 03:30:00,0.0
2017-03-31 04:00:00,0.0
2017-03-31 04:30:00,0.0
2017-03-31 05:00:00,0.0
2017-03-31 05:30:00,0.0
2017-03-31 06:00:00,0.0
2017-03-31 06:30:00,0.0
2017-03-31 07:00:00,0.0
2017-03-31 07:30:00,0.0
2017-03-31 08:00:00,0.0
2017-03-31 08:30:00,0.0
2017-03-31 09:00:00,0.0
2017-03-31 09:30:00,-0.000304378666667
2017-03-31 10:00:00,-0.01895092976
2017-03-31 10:30:00,-0.43060588868
2017-03-31 11:00:00,-0.2819822278
2017-03-31 11:30:00,-0.227973063733
2017-03-31 12:00:00,0.133121553973
2017-03-31 12:30:00,-0.179048834347
2017-03-31 13:00:00,0.1920784488
2017-03-31 13:30:00,0.343481670933
2017-03-31 14:00:00,0.337990279992
2017-03-31 14:30:00,0.0
2017-03-31 15:00:00,0.0
2017-03-31 15:30:00,0.0
2017-03-31 16:00:00,0.0
2017-03-31 16:30:00,0.0
2017-03-31 17:00:00,0.0
2017-03-31 17:30:00,0.0
2017-03-31 18:00:00,0.0
2017-03-31 18:30:00,0.0
2017-03-31 19:00:00,0.0
2017-03-31 19:30:00,0.0
2017-03-31 20:00:00,0.0
2017-03-31 20:30:00,0.0
2017-03-31 21:00:00,0.0
2017-03-31 21:30:00,0.0
2017-03-31 22:00:00,0.0
2017-03-31 22:30:00,0.0
2017-03-31 23:00:00,0.0
2017-03-31 23:30:00,0.0
2017-04-01 00:00:00,0.0
2017-04-01 00:30:00,0.0
2017-04-01 01:00:00,0.0
2017-04-01 01:30:00,0.0
2017-04-01 02:00:00,0.0
2017-04-01 02:30:00,0.0
2017-04-01 03:00:00,0.0
2017-04-01 03:30:00,0.0
2017-04-01 04:00:00,0.0
2017-04-01 04:30:00,0.0
2017-04-01 05:00:00,0.0
2017-04-01 05:30:00,0.0
2017-04-01 06:00:00,0.0
2017-04-01 06:30:00,0.0
2017-04-01 07:00:00,0.0
2017-04-01 07:30:00,0.0
2017-04-01 08:00:00,-0.150636915467
2017-04-01 08:30:00,-0.71008515032
2017-04-01 09:00:00,-0.97452232472
2017-04-01 09:30:00,-1.025865638
2017-04-01 10:00:00,-1.46359600688
2017-04-01 10:30:00,-0.589443896423
2017-04-01 11:00:00,-0.00589443896423
2017-04-01 11:30:00,-5.89443896428e-05
2017-04-01 12:00:00,-5.89443896786e-07
2017-04-01 12:30:00,-5.89443942545e-09
2017-04-01 13:00:00,-5.89444937305e-11
2017-04-01 13:30:00,-5.89892579228e-13
2017-04-01 14:00:00,-5.96855898038e-15
2017-04-01 14:30:00,0.0
2017-04-01 15:00:00,0.0
2017-04-01 15:30:00,0.0
2017-04-01 16:00:00,0.05525776144
2017-04-01 16:30:00,0.147265292347
2017-04-01 17:00:00,0.242444633013
2017-04-01 17:30:00,0.44555377104
2017-04-01 18:00:00,0.37070050675
2017-04-01 18:30:00,0.5153246875
2017-04-01 19:00:00,0.056713289374
2017-04-01 19:30:00,0.0
2017-04-01 20:00:00,0.0
2017-04-01 20:30:00,0.0
2017-04-01 21:00:00,0.0
2017-04-01 21:30:00,0.0
2017-04-01 22:00:00,0.0
2017-04-01 22:30:00,0.0
2017-04-01 23:00:00,0.0
2017-04-01 23:30:00,0.0
2017-04-02 00:00:00,0.0
2017-04-02 00:30:00,0.0
2017-04-02 01:00:00,0.0
2017-04-02 01:30:00,0.0
2017-04-02 02:00:00,0.0
2017-04-02 02:30:00,0.0
2017-04-02 03:00:00,0.0
2017-04-02 03:30:00,0.0
2017-04-02 04:00:00,0.0
2017-04-02 04:30:00,0.0
2017-04-02 05:00:00,0.0
2017-04-02 05:30:00,0.0
2017-04-02 06:00:00,0.0
2017-04-02 06:30:00,0.0
2017-04-02 07:00:00,0.0
2017-04-02 07:30:00,0.0
2017-04-02 08:00:00,0.0
2017-04-02 08:30:00,-0.127127704213
2017-04-02 09:00:00,-0.2552959591
2017-04-02 09:30:00,-0.222176463693
2017-04-02 10:00:00,-0.361353074623
2017-04-02 10:30:00,-1.02839538648
2017-04-02 11:00:00,-1.67858145672
2017-04-02 11:30:00,-1.04624913775
2017-04-02 12:00:00,-0.0104624913775
2017-04-02 12:30:00,-0.000104624913775
2017-04-02 13:00:00,-1.04624913803e-06
2017-04-02 13:30:00,-1.04624909625e-08
2017-04-02 14:00:00,-1.04624859887e-10
2017-04-02 14:30:00,-1.04648734123e-12
2017-04-02 15:00:00,-1.09423581307e-14
2017-04-02 15:30:00,0.0
2017-04-02 16:00:00,0.16084583788
2017-04-02 16:30:00,0.261287048587
2017-04-02 17:00:00,0.4989306308
2017-04-02 17:30:00,0.411537768768
2017-04-02 18:00:00,0.50880253592
2017-04-02 18:30:00,0.188442775537
2017-04-02 19:00:00,0.0
2017-04-02 19:30:00,0.0
2017-04-02 20:00:00,0.0
2017-04-02 20:30:00,0.0
2017-04-02 21:00:00,0.0
2017-04-02 21:30:00,0.0
2017-04-02 22:00:00,0.0
2017-04-02 22:30:00,0.0
2017-04-02 23:00:00,0.0
2017-04-02 23:30:00,0.0
2017-04-03 00:00:00,0.0
2017-04-03 00:30:00,0.0
2017-04-03 01:00:00,0.0
2017-04-03 01:30:00,0.0
2017-04-03 02:00:00,0.0
2017-04-03 02:30:00,0.0
2017-04-03 03:00:00,0.0
2017-04-03 03:30:00,0.0
2017-04-03 04:00:00,0.0
2017-04-03 04:30:00,0.0
2017-04-03 05:00:00,0.0
2017-04-03 05:30:00,0.0
2017-04-03 06:00:00,0.0
2017-04-03 06:30:00,0.0
2017-04-03 07:00:00,0.0
2017-04-03 07:30:00,0.0
2017-04-03 08:00:00,0.0
2017-04-03 08:30:00,0.0
2017-04-03 09:00:00,0.0
2017-04-03 09:30:00,0.0
2017-04-03 10:00:00,-0.0200627673867
2017-04-03 10:30:00,-1.01906195776
2017-04-03 11:00:00,-0.87387120632
2017-04-03 11:30:00,-0.17213821856
2017-04-03 12:00:00,0.0195168179733
2017-04-03 12:30:00,-0.39869915784
2017-04-03 13:00:00,-0.181266914304
2017-04-03 13:30:00,0.0694616107733
2017-04-03 14:00:00,0.392179207
2017-04-03 14:30:00,0.332239665184
2017-04-03 15:00:00,0.417551981735
2017-04-03 15:30:00,0.0
2017-04-03 16:00:00,0.0
2017-04-03 16:30:00,0.0
2017-04-03 17:00:00,0.0
2017-04-03 17:30:00,0.0
2017-04-03 18:00:00,0.0
2017-04-03 18:30:00,0.0
2017-04-03 19:00:00,0.0
2017-04-03 19:30:00,0.0
2017-04-03 20:00:00,0.0
2017-04-03 20:30:00,0.0
2017-04-03 21:00:00,0.0
2017-04-03 21:30:00,0.0
2017-04-03 22:00:00,0.0
2017-04-03 22:30:00,0.0
2017-04-03 23:00:00,0.0
2017-04-03 23:30:00,0.0
2017-04-04 00:00:00,0.0
2017-04-04 00:30:00,0.0
2017-04-04 01:00:00,0.0
2017-04-04 01:30:00,0.0
2017-04-04 02:00:00,0.0
2017-04-04 02:30:00,0.0
2017-04-04 03:00:00,0.0
2017-04-04 03:30:00,0.0
2017-04-04 04:00:00,0.0
2017-04-04 04:30:00,0.0
2017-04-04 05:00:00,0.0
2017-04-04 05:30:00,0.0
2017-04-04 06:00:00,0.0
2017-04-04 06:30:00,0.0
2017-04-04 07:00:00,0.0
2017-04-04 07:30:00,0.0
2017-04-04 08:00:00,0.0
2017-04-04 08:30:00,0.0
2017-04-04 09:00:00,0.0
2017-04-04 09:30:00,0.0
2017-04-04 10:00:00,0.0
2017-04-04 10:30:00,0.0
2017-04-04 11:00:00,0.0
2017-04-04 11:30:00,0.0
2017-04-04 12:00:00,0.0
2017-04-04 12:30:00,0.0
2017-04-04 13:00:00,0.0
2017-04-04 13:30:00,0.0
2017-04-04 14:00:00,0.0
2017-04-04 14:30:00,0.0
2017-04-04 15:00:00,0.0
2017-04-04 15:30:00,0.0
2017-04-04 16:00:00,0.0
2017-04-04 16:30:00,0.0
2017-04-04 17:00:00,0.0
2017-04-04 17:30:00,0.0
2017-04-04 18:00:00,0.0
2017-04-04 18:30:00,0.0
2017-04-04 19:00:00,0.0
2017-04-04 19:30:00,0.0
2017-04-04 20:00:00,0.0
2017-04-04 20:30:00,0.0
2017-04-04 21:00:00,0.0
2017-04-04 21:30:00,0.0
2017-04-04 22:00:00,0.0
2017-04-04 22:30:00,0.0
2017-04-04 23:00:00,0.0
2017-04-04 23:30:00,0.0
2017-04-05 00:00:00,0.0
2017-04-05 00:30:00,0.0
2017-04-05 01:00:00,0.0
2017-04-05 01:30:00,0.0
2017-04-05 02:00:00,0.0
2017-04-05 02:30:00,0.0
2017-04-05 03:00:00,0.0
2017-04-05 03:30:00,0.0
2017-04-05 04:00:00,0.0
2017-04-05 04:30:00,0.0
2017-04-05 05:00:00,0.0
2017-04-05 05:30:00,0.0
2017-04-05 06:00:00,0.0
2017-04-05 06:30:00,0.0
2017-04-05 07:00:00,0.0
2017-04-05 07:30:00,0.0
2017-04-05 08:00:00,0.0
2017-04-05 08:30:00,0.0
2017-04-05 09:00:00,0.0
2017-04-05 09:30:00,0.0
2017-04-05 10:00:00,0.0
2017-04-05 10:30:00,0.0
2017-04-05 11:00:00,0.0
2017-04-05 11:30:00,0.0
2017-04-05 12:00:00,0.0
2017-04-05 12:30:00,0.0
2017-04-05 13:00:00,0.0
2017-04-05 13:30:00,0.0
2017-04-05 14:00:00,0.0
2017-04-05 14:30:00,0.0
2017-04-05 15:00:00,0.0
2017-04-05 15:30:00,0.0
2017-04-05 16:00:00,0.0
2017-04-05 16:30:00,0.0
2017-04-05 17:00:00,0.0
2017-04-05 17:30:00,0.0
2017-04-05 18:00:00,0.0
2017-04-05 18:30:00,0.0
2017-04-05 19:00:00,0.0
2017-04-05 19:30:00,0.0
2017-04-05 20:00:00,0.0
2017-04-05 20:30:00,0.0
2017-04-05 21:00:00,0.0
2017-04-05 21:30:00,0.0
2017-04-05 22:00:00,0.0
2017-04-05 22:30:00,0.0
2017-04-05 23:00:00,0.0
2017-04-05 23:30:00,0.0
2017-04-06 00:00:00,0.0
2017-04-06 00:30:00,0.0
2017-04-06 01:00:00,0.0
2017-04-06 01:30:00,0.0
2017-04-06 02:00:00,0.0
2017-04-06 02:30:00,0.0
2017-04-06 03:00:00,0.0
2017-04-06 03:30:00,0.0
2017-04-06 04:00:00,0.0
2017-04-06 04:30:00,0.0
2017-04-06 05:00:00,0.0
2017-04-06 05:30:00,0.0
2017-04-06 06:00:00,0.0
2017-04-06 06:30:00,0.0
2017-04-06 07:00:00,0.0
2017-04-06 07:30:00,0.0
2017-04-06 08:00:00,0.0
2017-04-06 08:30:00,0.0
2017-04-06 09:00:00,0.0
2017-04-06 09:30:00,0.0
2017-04-06 10:00:00,0.0
2017-04-06 10:30:00,0.0
2017-04-06 11:00:00,0.0
2017-04-06 11:30:00,0.0
2017-04-06 12:00:00,0.0
2017-04-06 12:30:00,0.0
2017-04-06 13:00:00,0.0
2017-04-06 13:30:00,0.0
2017-04-06 14:00:00,0.0
2017-04-06 14:30:00,0.0
2017-04-06 15:00:00,0.0
2017-04-06 15:30:00,0.0
2017-04-06 16:00:00,0.0
2017-04-06 16:30:00,0.0
2017-04-06 17:00:00,0.0
2017-04-06 17:30:00,0.0
2017-04-06 18:00:00,0.0
2017-04-06 18:30:00,0.0
2017-04-06 19:00:00,0.0
2017-04-06 19:30:00,0.0
2017-04-06 20:00:00,0.0
2017-04-06 20:30:00,0.0
2017-04-06 21:00:00,0.0
2017-04-06 21:30:00,0.0
2017-04-06 22:00:00,0.0
2017-04-06 22:30:00,0.0
2017-04-06 23:00:00,0.0
2017-04-06 23:30:00,0.0
2017-04-07 00:00:00,0.0
2017-04-07 00:30:00,0.0
2017-04-07 01:00:00,0.0
2017-04-07 01:30:00,0.0
2017-04-07 02:00:00,0.0
2017-04-07 02:30:00,0.0
2017-04-07 03:00:00,0.0
2017-04-07 03:30:00,0.0
2017-04-07 04:00:00,0.0
2017-04-07 04:30:00,0.0
2017-04-07 05:00:00,0.0
2017-04-07 05:30:00,0.0
2017-04-07 06:00:00,0.0
2017-04-07 06:30:00,0.0
2017-04-07 07:00:00,0.0
2017-04-07 07:30:00,0.0
2017-04-07 08:00:00,0.0
2017-04-07 08:30:00,0.0
2017-04-07 09:00:00,0.0
2017-04-07 09:30:00,0.0
2017-04-07 10:00:00,-0.0208816167
2017-04-07 10:30:00,-0.19800864195
2017-04-07 11:00:00,0.01989075256
2017-04-07 11:30:00,0.146062988571
2017-04-07 12:00:00,0.0
2017-04-07 12:30:00,0.0
2017-04-07 13:00:00,0.0
2017-04-07 13:30:00,0.0
2017-04-07 14:00:00,0.0
2017-04-07 14:30:00,0.0
2017-04-07 15:00:00,0.0
2017-04-07 15:30:00,0.0
2017-04-07 16:00:00,0.0
2017-04-07 16:30:00,0.0
2017-04-07 17:00:00,0.0
2017-04-07 17:30:00,0.0
2017-04-07 18:00:00,0.0
2017-04-07 18:30:00,0.0
2017-04-07 19:00:00,0.0
2017-04-07 19:30:00,0.0
2017-04-07 20:00:00,0.0
2017-04-07 20:30:00,0.0
2017-04-07 21:00:00,0.0
2017-04-07 21:30:00,0.0
2017-04-07 22:00:00,0.0
2017-04-07 22:30:00,0.0
2017-04-07 23:00:00,0.0
2017-04-07 23:30:00,0.0
2017-04-08 00:00:00,0.0
2017-04-08 00:30:00,0.0
2017-04-08 01:00:00,0.0
2017-04-08 01:30:00,0.0
2017-04-08 02:00:00,0.0
2017-04-08 02:30:00,0.0
2017-04-08 03:00:00,0.0
2017-04-08 03:30:00,0.0
2017-04-08 04:00:00,0.0
2017-04-08 04:30:00,0.0
2017-04-08 05:00:00,0.0
2017-04-08 05:30:00,0.0
2017-04-08 06:00:00,0.0
2017-04-08 06:30:00,0.0
2017-04-08 07:00:00,0.0
2017-04-08 07:30:00,-0.09882228888
2017-04-08 08:00:00,-0.7502847688
2017-04-08 08:30:00,-1.14618441952
2017-04-08 09:00:00,-1.2401064368
2017-04-08 09:30:00,-1.35589670384
2017-04-08 10:00:00,-0.335350247814
2017-04-08 10:30:00,-0.00335350247814
2017-04-08 11:00:00,-3.35350247815e-05
2017-04-08 11:30:00,-3.35350247695e-07
2017-04-08 12:00:00,-3.3535025068e-09
2017-04-08 12:30:00,-3.35353433911e-11
2017-04-08 13:00:00,-3.35234062732e-13
2017-04-08 13:30:00,-2.98427949019e-15
2017-04-08 14:00:00,0.0
2017-04-08 14:30:00,0.0
2017-04-08 15:00:00,0.0
2017-04-08 15:30:00,0.0
2017-04-08 16:00:00,0.04902525376
2017-04-08 16:30:00,0.163851338187
2017-04-08 17:00:00,0.25534169444
2017-04-08 17:30:00,0.33280639392
2017-04-08 18:00:00,0.3719788835
2017-04-08 18:30:00,0.3666425
2017-04-08 19:00:00,0.173071914321
2017-04-08 19:30:00,0.0
2017-04-08 20:00:00,0.0
2017-04-08 20:30:00,0.0
2017-04-08 21:00:00,0.0
2017-04-08 21:30:00,0.0
2017-04-08 22:00:00,0.0
2017-04-08 22:30:00,0.0
2017-04-08 23:00:00,0.0
2017-04-08 23:30:00,0.0
2017-04-09 00:00:00,0.0
2017-04-09 00:30:00,0.0
2017-04-09 01:00:00,0.0
2017-04-09 01:30:00,0.0
2017-04-09 02:00:00,0.0
2017-04-09 02:30:00,0.0
2017-04-09 03:00:00,0.0
2017-04-09 03:30:00,0.0
2017-04-09 04:00:00,0.0
2017-04-09 04:30:00,0.0
2017-04-09 05:00:00,0.0
2017-04-09 05:30:00,0.0
2017-04-09 06:00:00,0.0
2017-04-09 06:30:00,0.0
2017-04-09 07:00:00,0.0
2017-04-09 07:30:00,0.0
2017-04-09 08:00:00,0.0
2017-04-09 08:30:00,0.0
2017-04-09 09:00:00,-0.22478867467
2017-04-09 09:30:00,-0.182569743347
2017-04-09 10:00:00,-0.388341457047
2017-04-09 10:30:00,-2.20034046288
2017-04-09 11:00:00,-1.75369737167
2017-04-09 11:30:00,-0.0175369737167
2017-04-09 12:00:00,-0.000175369737167
2017-04-09 12:30:00,-1.75369737164e-06
2017-04-09 13:00:00,-1.75369741839e-08
2017-04-09 13:30:00,-1.75370189481e-10
2017-04-09 14:00:00,-1.7537615804e-12
2017-04-09 14:30:00,-1.79056769412e-14
2017-04-09 15:00:00,0.0
2017-04-09 15:30:00,0.0
2017-04-09 16:00:00,0.0
2017-04-09 16:30:00,0.53881764328
2017-04-09 17:00:00,0.21964377288
2017-04-09 17:30:00,0.271251316
2017-04-09 18:00:00,0.4416489875
2017-04-09 18:30:00,0.43633023826
2017-04-09 19:00:00,0.0
2017-04-09 19:30:00,0.0
2017-04-09 20:00:00,0.0
2017-04-09 20:30:00,0.0
2017-04-09 21:00:00,0.0
2017-04-09 21:30:00,0.0
2017-04-09 22:00:00,0.0
2017-04-09 22:30:00,0.0
2017-04-09 23:00:00,0.0
2017-04-09 23:30:00,0.0
2017-04-10 00:00:00,0.0
2017-04-10 00:30:00,0.0
2017-04-10 01:00:00,0.0
2017-04-10 01:30:00,0.0
2017-04-10 02:00:00,0.0
2017-04-10 02:30:00,0.0
2017-04-10 03:00:00,0.0
2017-04-10 03:30:00,0.0
2017-04-10 04:00:00,0.0
2017-04-10 04:30:00,0.0
2017-04-10 05:00:00,0.0
2017-04-10 05:30:00,0.0
2017-04-10 06:00:00,0.0
2017-04-10 06:30:00,0.0
2017-04-10 07:00:00,0.0
2017-04-10 07:30:00,0.0
2017-04-10 08:00:00,0.0
2017-04-10 08:30:00,0.0
2017-04-10 09:00:00,-0.00567408781333
2017-04-10 09:30:00,-0.50620708056
2017-04-10 10:00:00,-0.94380794032
2017-04-10 10:30:00,-1.22237709216
2017-04-10 11:00:00,-0.92852448752
2017-04-10 11:30:00,-0.5794355232
2017-04-10 12:00:00,-0.410384883798
2017-04-10 12:30:00,-0.00410384883798
2017-04-10 13:00:00,-4.10384883803e-05
2017-04-10 13:30:00,-4.10384884191e-07
2017-04-10 14:00:00,-4.10384885186e-09
2017-04-10 14:30:00,0.000703252853333
2017-04-10 15:00:00,0.180663670133
2017-04-10 15:30:00,0.749358863904
2017-04-10 16:00:00,1.39348223756
2017-04-10 16:30:00,0.221565082632
2017-04-10 17:00:00,0.0
2017-04-10 17:30:00,0.0
2017-04-10 18:00:00,0.0
2017-04-10 18:30:00,0.0
2017-04-10 19:00:00,0.0
2017-04-10 19:30:00,0.0
2017-04-10 20:00:00,0.0
2017-04-10 20:30:00,0.0
2017-04-10 21:00:00,0.0
2017-04-10 21:30:00,0.0
2017-04-10 22:00:00,0.0
2017-04-10 22:30:00,0.0
2017-04-10 23:00:00,0.0
2017-04-10 23:30:00,0.0
2017-04-11 00:00:00,0.0
2017-04-11 00:30:00,0.0
2017-04-11 01:00:00,0.0
2017-04-11 01:30:00,0.0
2017-04-11 02:00:00,0.0
2017-04-11 02:30:00,0.0
2017-04-11 03:00:00,0.0
2017-04-11 03:30:00,0.0
2017-04-11 04:00:00,0.0
2017-04-11 04:30:00,0.0
2017-04-11 05:00:00,0.0
2017-04-11 05:30:00,0.0
2017-04-11 06:00:00,0.0
2017-04-11 06:30:00,0.0
2017-04-11 07:00:00,0.0
2017-04-11 07:30:00,0.0
2017-04-11 08:00:00,0.0
2017-04-11 08:30:00,0.0
2017-04-11 09:00:00,0.0
2017-04-11 09:30:00,0.0
2017-04-11 10:00:00,0.0
2017-04-11 10:30:00,-0.13324156608
2017-04-11 11:00:00,0.0659545752096
2017-04-11 11:30:00,0.0
2017-04-11 12:00:00,0.0
2017-04-11 12:30:00,0.0
2017-04-11 13:00:00,0.0
2017-04-11 13:30:00,-0.00948672347
2017-04-11 14:00:00,0.0375674249412
2017-04-11 14:30:00,0.0
2017-04-11 15:00:00,0.0
2017-04-11 15:30:00,0.0
2017-04-11 16:00:00,0.0
2017-04-11 16:30:00,0.0
2017-04-11 17:00:00,0.0
2017-04-11 17:30:00,0.0
2017-04-11 18:00:00,0.0
2017-04-11 18:30:00,0.0
2017-04-11 19:00:00,0.0
2017-04-11 19:30:00,0.0
2017-04-11 20:00:00,0.0
2017-04-11 20:30:00,0.0
2017-04-11 21:00:00,0.0
2017-04-11 21:30:00,0.0
2017-04-11 22:00:00,0.0
2017-04-11 22:30:00,0.0
2017-04-11 23:00:00,0.0
2017-04-11 23:30:00,0.0
2017-04-12 00:00:00,0.0
2017-04-12 00:30:00,0.0
2017-04-12 01:00:00,0.0
2017-04-12 01:30:00,0.0
2017-04-12 02:00:00,0.0
2017-04-12 02:30:00,0.0
2017-04-12 03:00:00,0.0
2017-04-12 03:30:00,0.0
2017-04-12 04:00:00,0.0
2017-04-12 04:30:00,0.0
2017-04-12 05:00:00,0.0
2017-04-12 05:30:00,0.0
2017-04-12 06:00:00,0.0
2017-04-12 06:30:00,0.0
2017-04-12 07:00:00,0.0
2017-04-12 07:30:00,0.0
2017-04-12 08:00:00,0.0
2017-04-12 08:30:00,0.0
2017-04-12 09:00:00,0.0
2017-04-12 09:30:00,0.0
2017-04-12 10:00:00,0.0
2017-04-12 10:30:00,0.0
2017-04-12 11:00:00,0.0
2017-04-12 11:30:00,0.0
2017-04-12 12:00:00,0.0
2017-04-12 12:30:00,0.0
2017-04-12 13:00:00,0.0
2017-04-12 13:30:00,0.0
2017-04-12 14:00:00,0.0
2017-04-12 14:30:00,0.0
2017-04-12 15:00:00,0.0
2017-04-12 15:30:00,0.0
2017-04-12 16:00:00,0.0
2017-04-12 16:30:00,0.0
2017-04-12 17:00:00,0.0
2017-04-12 17:30:00,0.0
2017-04-12 18:00:00,0.0
2017-04-12 18:30:00,0.0
2017-04-12 19:00:00,0.0
2017-04-12 19:30:00,0.0
2017-04-12 20:00:00,0.0
2017-04-12 20:30:00,0.0
2017-04-12 21:00:00,0.0
2017-04-12 21:30:00,0.0
2017-04-12 22:00:00,0.0
2017-04-12 22:30:00,0.0
2017-04-12 23:00:00,0.0
2017-04-12 23:30:00,0.0
2017-04-13 00:00:00,0.0
2017-04-13 00:30:00,0.0
2017-04-13 01:00:00,0.0
2017-04-13 01:30:00,0.0
2017-04-13 02:00:00,0.0
2017-04-13 02:30:00,0.0
2017-04-13 03:00:00,0.0
2017-04-13 03:30:00,0.0
2017-04-13 04:00:00,0.0
2017-04-13 04:30:00,0.0
2017-04-13 05:00:00,0.0
2017-04-13 05:30:00,0.0
2017-04-13 06:00:00,0.0
2017-04-13 06:30:00,0.0
2017-04-13 07:00:00,0.0
2017-04-13 07:30:00,0.0
2017-04-13 08:00:00,0.0
2017-04-13 08:30:00,0.0
2017-04-13 09:00:00,0.0
2017-04-13 09:30:00,-0.0527278542933
2017-04-13 10:00:00,-0.1702519161
2017-04-13 10:30:00,-0.93153336976
2017-04-13 11:00:00,-0.23629401244
2017-04-13 11:30:00,0.19990285616
2017-04-13 12:00:00,0.429516816587
2017-04-13 12:30:00,0.1376849936
2017-04-13 13:00:00,0.113048070259
2017-04-13 13:30:00,0.0
2017-04-13 14:00:00,0.0
2017-04-13 14:30:00,0.0
2017-04-13 15:00:00,0.0
2017-04-13 15:30:00,0.0
2017-04-13 16:00:00,0.0
2017-04-13 16:30:00,0.0
2017-04-13 17:00:00,0.0
2017-04-13 17:30:00,0.0
2017-04-13 18:00:00,0.0
2017-04-13 18:30:00,0.0
2017-04-13 19:00:00,0.0
2017-04-13 19:30:00,0.0
2017-04-13 20:00:00,0.0
2017-04-13 20:30:00,0.0
2017-04-13 21:00:00,0.0
2017-04-13 21:30:00,0.0
2017-04-13 22:00:00,0.0
2017-04-13 22:30:00,0.0
2017-04-13 23:00:00,0.0
2017-04-13 23:30:00,0.0
2017-04-14 00:00:00,0.0
2017-04-14 00:30:00,0.0
2017-04-14 01:00:00,0.0
2017-04-14 01:30:00,0.0
2017-04-14 02:00:00,0.0
2017-04-14 02:30:00,0.0
2017-04-14 03:00:00,0.0
2017-04-14 03:30:00,0.0
2017-04-14 04:00:00,0.0
2017-04-14 04:30:00,0.0
2017-04-14 05:00:00,0.0
2017-04-14 05:30:00,0.0
2017-04-14 06:00:00,0.0
2017-04-14 06:30:00,0.0
2017-04-14 07:00:00,0.0
2017-04-14 07:30:00,0.0
2017-04-14 08:00:00,0.0
2017-04-14 08:30:00,-0.05126163035
2017-04-14 09:00:00,-0.394986107833
2017-04-14 09:30:00,-0.41184671402
2017-04-14 10:00:00,-0.91094128664
2017-04-14 10:30:00,-1.23928538608
2017-04-14 11:00:00,-1.69291790528
2017-04-14 11:30:00,-0.0933890849248
2017-04-14 12:00:00,-0.000933890849248
2017-04-14 12:30:00,-9.33890849296e-06
2017-04-14 13:00:00,-9.33890854071e-08
2017-04-14 13:30:00,-9.33890476063e-10
2017-04-14 14:00:00,-9.33880528464e-12
2017-04-14 14:30:00,-9.3507424026e-14
2017-04-14 15:00:00,-9.94759830064e-16
2017-04-14 15:30:00,0.0
2017-04-14 16:00:00,0.0537991146933
2017-04-14 16:30:00,0.206002262667
2017-04-14 17:00:00,0.25832796136
2017-04-14 17:30:00,0.49686624428
2017-04-14 18:00:00,0.4530225
2017-04-14 18:30:00,0.166547537449
2017-04-14 19:00:00,0.0
2017-04-14 19:30:00,0.0
2017-04-14 20:00:00,0.0
2017-04-14 20:30:00,0.0
2017-04-14 21:00:00,0.0
2017-04-14 21:30:00,0.0
2017-04-14 22:00:00,0.0
2017-04-14 22:30:00,0.0
2017-04-14 23:00:00,0.0
2017-04-14 23:30:00,0.0
2017-04-15 00:00:00,0.0
2017-04-15 00:30:00,0.0
2017-04-15 01:00:00,0.0
2017-04-15 01:30:00,0.0
2017-04-15 02:00:00,0.0
2017-04-15 02:30:00,0.0
2017-04-15 03:00:00,0.0
2017-04-15 03:30:00,0.0
2017-04-15 04:00:00,0.0
2017-04-15 04:30:00,0.0
2017-04-15 05:00:00,0.0
2017-04-15 05:30:00,0.0
2017-04-15 06:00:00,0.0
2017-04-15 06:30:00,0.0
2017-04-15 07:00:00,0.0
2017-04-15 07:30:00,0.0
2017-04-15 08:00:00,-0.438663852503
2017-04-15 08:30:00,-1.13909412624
2017-04-15 09:00:00,-1.53640317712
2017-04-15 09:30:00,-1.71063365202
2017-04-15 10:00:00,-0.0171063365202
2017-04-15 10:30:00,-0.000171063365202
2017-04-15 11:00:00,-1.71063365158e-06
2017-04-15 11:30:00,-1.71063366849e-08
2017-04-15 12:00:00,-1.71062879417e-10
2017-04-15 12:30:00,-1.71098690771e-12
2017-04-15 13:00:00,-1.69109171111e-14
2017-04-15 13:30:00,0.0
2017-04-15 14:00:00,0.0
2017-04-15 14:30:00,0.0
2017-04-15 15:00:00,0.0
2017-04-15 15:30:00,0.0
2017-04-15 16:00:00,0.0
2017-04-15 16:30:00,0.146317380347
2017-04-15 17:00:00,0.283361516107
2017-04-15 17:30:00,0.3176163424
2017-04-15 18:00:00,0.471065
2017-04-15 18:30:00,0.416507255063
2017-04-15 19:00:00,0.0
2017-04-15 19:30:00,0.0
2017-04-15 20:00:00,0.0
2017-04-15 20:30:00,0.0
2017-04-15 21:00:00,0.0
2017-04-15 21:30:00,0.0
2017-04-15 22:00:00,0.0
2017-04-15 22:30:00,0.0
2017-04-15 23:00:00,0.0
2017-04-15 23:30:00,0.0
2017-04-16 00:00:00,0.0
2017-04-16 00:30:00,0.0
2017-04-16 01:00:00,0.0
2017-04-16 01:30:00,0.0
2017-04-16 02:00:00,0.0
2017-04-16 02:30:00,0.0
2017-04-16 03:00:00,0.0
2017-04-16 03:30:00,0.0
2017-04-16 04:00:00,0.0
2017-04-16 04:30:00,0.0
2017-04-16 05:00:00,0.0
2017-04-16 05:30:00,0.0
2017-04-16 06:00:00,0.0
2017-04-16 06:30:00,0.0
2017-04-16 07:00:00,0.0
2017-04-16 07:30:00,-0.12407789317
2017-04-16 08:00:00,-0.91860132
2017-04-16 08:30:00,-1.50177332928
2017-04-16 09:00:00,-2.01739344408
2017-04-16 09:30:00,-0.359208516957
2017-04-16 10:00:00,-0.00359208516957
2017-04-16 10:30:00,-3.59208516956e-05
2017-04-16 11:00:00,-3.59208516727e-07
2017-04-16 11:30:00,-3.59208470968e-09
2017-04-16 12:00:00,-3.59207774636e-11
2017-04-16 12:30:00,-3.59108298653e-13
2017-04-16 13:00:00,-3.97903932026e-15
2017-04-16 13:30:00,0.0
2017-04-16 14:00:00,0.0
2017-04-16 14:30:00,0.0
2017-04-16 15:00:00,0.0
2017-04-16 15:30:00,0.0
2017-04-16 16:00:00,0.06837479264
2017-04-16 16:30:00,0.21642148052
2017-04-16 17:00:00,0.26088418132
2017-04-16 17:30:00,0.34386683625
2017-04-16 18:00:00,0.441945
2017-04-16 18:30:00,0.32755710649
2017-04-16 19:00:00,0.0
2017-04-16 19:30:00,0.0
2017-04-16 20:00:00,0.0
2017-04-16 20:30:00,0.0
2017-04-16 21:00:00,0.0
2017-04-16 21:30:00,0.0
2017-04-16 22:00:00,0.0
2017-04-16 22:30:00,0.0
2017-04-16 23:00:00,0.0
2017-04-16 23:30:00,0.0
2017-04-17 00:00:00,0.0
2017-04-17 00:30:00,0.0
2017-04-17 01:00:00,0.0
2017-04-17 01:30:00,0.0
2017-04-17 02:00:00,0.0
2017-04-17 02:30:00,0.0
2017-04-17 03:00:00,0.0
2017-04-17 03:30:00,0.0
2017-04-17 04:00:00,0.0
2017-04-17 04:30:00,0.0
2017-04-17 05:00:00,0.0
2017-04-17 05:30:00,0.0
2017-04-17 06:00:00,0.0
2017-04-17 06:30:00,0.0
2017-04-17 07:00:00,0.0
2017-04-17 07:30:00,-0.15241663479
2017-04-17 08:00:00,-0.88339520304
2017-04-17 08:30:00,-1.37369382584
2017-04-17 09:00:00,-1.99108551488
2017-04-17 09:30:00,-0.510942567856
2017-04-17 10:00:00,-0.00510942567856
2017-04-17 10:30:00,-5.10942567853e-05
2017-04-17 11:00:00,-5.10942568042e-07
2017-04-17 11:30:00,-5.10942570031e-09
2017-04-17 12:00:00,-5.10938491516e-11
2017-04-17 12:30:00,-5.11306552653e-13
2017-04-17 13:00:00,-4.97379915032e-15
2017-04-17 13:30:00,0.0
2017-04-17 14:00:00,0.0
2017-04-17 14:30:00,0.0
2017-04-17 15:00:00,0.0
2017-04-17 15:30:00,0.0
2017-04-17 16:00:00,0.15427985384
2017-04-17 16:30:00,0.3449477458
2017-04-17 17:00:00,0.27506468192
2017-04-17 17:30:00,0.44721896625
2017-04-17 18:00:00,0.5579459375
2017-04-17 18:30:00,0.0451199838521
2017-04-17 19:00:00,0.0
2017-04-17 19:30:00,0.0
2017-04-17 20:00:00,0.0
2017-04-17 20:30:00,0.0
2017-04-17 21:00:00,0.0
2017-04-17 21:30:00,0.0
2017-04-17 22:00:00,0.0
2017-04-17 22:30:00,0.0
2017-04-17 23:00:00,0.0
2017-04-17 23:30:00,0.0
2017-04-18 00:00:00,0.0
2017-04-18 00:30:00,0.0
2017-04-18 01:00:00,0.0
2017-04-18 01:30:00,0.0
2017-04-18 02:00:00,0.0
2017-04-18 02:30:00,0.0
2017-04-18 03:00:00,0.0
2017-04-18 03:30:00,0.0
2017-04-18 04:00:00,0.0
2017-04-18 04:30:00,0.0
2017-04-18 05:00:00,0.0
2017-04-18 05:30:00,0.0
2017-04-18 06:00:00,0.0
2017-04-18 06:30:00,0.0
2017-04-18 07:00:00,0.0
2017-04-18 07:30:00,0.0
2017-04-18 08:00:00,0.0
2017-04-18 08:30:00,0.0
2017-04-18 09:00:00,-0.29044826404
2017-04-18 09:30:00,-0.207127013707
2017-04-18 10:00:00,-0.20821122112
2017-04-18 10:30:00,-0.3730527716
2017-04-18 11:00:00,-0.8341596872
2017-04-18 11:30:00,-0.423443515787
2017-04-18 12:00:00,-0.217153141
2017-04-18 12:30:00,-0.229460625707
2017-04-18 13:00:00,-0.30687814964
2017-04-18 13:30:00,-0.31227433216
2017-04-18 14:00:00,0.05962784744
2017-04-18 14:30:00,0.179892058192
2017-04-18 15:00:00,0.8145372368
2017-04-18 15:30:00,0.661004848298
2017-04-18 16:00:00,0.0
2017-04-18 16:30:00,0.0
2017-04-18 17:00:00,0.0
2017-04-18 17:30:00,0.0
2017-04-18 18:00:00,0.0
2017-04-18 18:30:00,0.0
2017-04-18 19:00:00,0.0
2017-04-18 19:30:00,0.0
2017-04-18 20:00:00,0.0
2017-04-18 20:30:00,0.0
2017-04-18 21:00:00,0.0
2017-04-18 21:30:00,0.0
2017-04-18 22:00:00,0.0
2017-04-18 22:30:00,0.0
2017-04-18 23:00:00,0.0
2017-04-18 23:30:00,0.0
2017-04-19 00:00:00,0.0
2017-04-19 00:30:00,0.0
2017-04-19 01:00:00,0.0
2017-04-19 01:30:00,0.0
2017-04-19 02:00:00,0.0
2017-04-19 02:30:00,0.0
2017-04-19 03:00:00,0.0
2017-04-19 03:30:00,0.0
2017-04-19 04:00:00,0.0
2017-04-19 04:30:00,0.0
2017-04-19 05:00:00,0.0
2017-04-19 05:30:00,0.0
2017-04-19 06:00:00,0.0
2017-04-19 06:30:00,0.0
2017-04-19 07:00:00,0.0
2017-04-19 07:30:00,0.0
2017-04-19 08:00:00,0.0
2017-04-19 08:30:00,0.0
2017-04-19 09:00:00,0.0
2017-04-19 09:30:00,0.0
2017-04-19 10:00:00,0.0
2017-04-19 10:30:00,0.0
2017-04-19 11:00:00,0.0
2017-04-19 11:30:00,0.0
2017-04-19 12:00:00,0.0
2017-04-19 12:30:00,0.0
2017-04-19 13:00:00,0.0
2017-04-19 13:30:00,0.0
2017-04-19 14:00:00,0.0
2017-04-19 14:30:00,0.0
2017-04-19 15:00:00,0.0
2017-04-19 15:30:00,0.0
2017-04-19 16:00:00,0.0
2017-04-19 16:30:00,0.0
2017-04-19 17:00:00,0.0
2017-04-19 17:30:00,0.0
2017-04-19 18:00:00,0.0
2017-04-19 18:30:00,0.0
2017-04-19 19:00:00,0.0
2017-04-19 19:30:00,0.0
2017-04-19 20:00:00,0.0
2017-04-19 20:30:00,0.0
2017-04-19 21:00:00,0.0
2017-04-19 21:30:00,0.0
2017-04-19 22:00:00,0.0
2017-04-19 22:30:00,0.0
2017-04-19 23:00:00,0.0
2017-04-19 23:30:00,0.0
2017-04-20 00:00:00,0.0
2017-04-20 00:30:00,0.0
2017-04-20 01:00:00,0.0
2017-04-20 01:30:00,0.0
2017-04-20 02:00:00,0.0
2017-04-20 02:30:00,0.0
2017-04-20 03:00:00,0.0
2017-04-20 03:30:00,0.0
2017-04-20 04:00:00,0.0
2017-04-20 04:30:00,0.0
2017-04-20 05:00:00,0.0
2017-04-20 05:30:00,0.0
2017-04-20 06:00:00,0.0
2017-04-20 06:30:00,0.0
2017-04-20 07:00:00,0.0
2017-04-20 07:30:00,0.0
2017-04-20 08:00:00,0.0
2017-04-20 08:30:00,0.0
2017-04-20 09:00:00,0.0
2017-04-20 09:30:00,0.0
2017-04-20 10:00:00,0.0
2017-04-20 10:30:00,0.0
2017-04-20 11:00:00,0.0
2017-04-20 11:30:00,0.0
2017-04-20 12:00:00,0.0
2017-04-20 12:30:00,0.0
2017-04-20 13:00:00,0.0
2017-04-20 13:30:00,0.0
2017-04-20 14:00:00,0.0
2017-04-20 14:30:00,0.0
2017-04-20 15:00:00,0.0
2017-04-20 15:30:00,0.0
2017-04-20 16:00:00,0.0
2017-04-20 16:30:00,0.0
2017-04-20 17:00:00,0.0
2017-04-20 17:30:00,0.0
2017-04-20 18:00:00,0.0
2017-04-20 18:30:00,0.0
2017-04-20 19:00:00,0.0
2017-04-20 19:30:00,0.0
2017-04-20 20:00:00,0.0
2017-04-20 20:30:00,0.0
2017-04-20 21:00:00,0.0
2017-04-20 21:30:00,0.0
2017-04-20 22:00:00,0.0
2017-04-20 22:30:00,0.0
2017-04-20 23:00:00,0.0
2017-04-20 23:30:00,0.0
2017-04-21 00:00:00,0.0
2017-04-21 00:30:00,0.0
2017-04-21 01:00:00,0.0
2017-04-21 01:30:00,0.0
2017-04-21 02:00:00,0.0
2017-04-21 02:30:00,0.0
2017-04-21 03:00:00,0.0
2017-04-21 03:30:00,0.0
2017-04-21 04:00:00,0.0
2017-04-21 04:30:00,0.0
2017-04-21 05:00:00,0.0
2017-04-21 05:30:00,0.0
2017-04-21 06:00:00,0.0
2017-04-21 06:30:00,0.0
2017-04-21 07:00:00,0.0
2017-04-21 07:30:00,0.0
2017-04-21 08:00:00,0.0
2017-04-21 08:30:00,0.0
2017-04-21 09:00:00,0.0
2017-04-21 09:30:00,0.0
2017-04-21 10:00:00,0.0
2017-04-21 10:30:00,0.0
2017-04-21 11:00:00,0.0
2017-04-21 11:30:00,0.0
2017-04-21 12:00:00,0.0
2017-04-21 12:30:00,0.0
2017-04-21 13:00:00,0.0
2017-04-21 13:30:00,0.0
2017-04-21 14:00:00,0.0
2017-04-21 14:30:00,0.0
2017-04-21 15:00:00,0.0
2017-04-21 15:30:00,0.0
2017-04-21 16:00:00,0.0
2017-04-21 16:30:00,0.0
2017-04-21 17:00:00,0.0
2017-04-21 17:30:00,0.0
2017-04-21 18:00:00,0.0
2017-04-21 18:30:00,0.0
2017-04-21 19:00:00,0.0
2017-04-21 19:30:00,0.0
2017-04-21 20:00:00,0.0
2017-04-21 20:30:00,0.0
2017-04-21 21:00:00,0.0
2017-04-21 21:30:00,0.0
2017-04-21 22:00:00,0.0
2017-04-21 22:30:00,0.0
2017-04-21 23:00:00,0.0
2017-04-21 23:30:00,0.0
2017-04-22 00:00:00,0.0
2017-04-22 00:30:00,0.0
2017-04-22 01:00:00,0.0
2017-04-22 01:30:00,0.0
2017-04-22 02:00:00,0.0
2017-04-22 02:30:00,0.0
2017-04-22 03:00:00,0.0
2017-04-22 03:30:00,0.0
2017-04-22 04:00:00,0.0
2017-04-22 04:30:00,0.0
2017-04-22 05:00:00,0.0
2017-04-22 05:30:00,0.0
2017-04-22 06:00:00,0.0
2017-04-22 06:30:00,0.0
2017-04-22 07:00:00,0.0
2017-04-22 07:30:00,0.0
2017-04-22 08:00:00,-0.0547676154667
2017-04-22 08:30:00,-0.39516198976
2017-04-22 09:00:00,-1.21861312944
2017-04-22 09:30:00,-1.78115041776
2017-04-22 10:00:00,-1.39975055833
2017-04-22 10:30:00,-0.0139975055833
2017-04-22 11:00:00,-0.000139975055833
2017-04-22 11:30:00,-1.39975055845e-06
2017-04-22 12:00:00,-1.3997505306e-08
2017-04-22 12:30:00,-1.39974645208e-10
2017-04-22 13:00:00,-1.3996270809e-12
2017-04-22 13:30:00,-1.39266376209e-14
2017-04-22 14:00:00,0.0
2017-04-22 14:30:00,0.0
2017-04-22 15:00:00,0.0
2017-04-22 15:30:00,0.0
2017-04-22 16:00:00,0.16808573712
2017-04-22 16:30:00,0.239556752587
2017-04-22 17:00:00,0.3526203772
2017-04-22 17:30:00,0.3150012985
2017-04-22 18:00:00,0.436415
2017-04-22 18:30:00,0.157646183592
2017-04-22 19:00:00,0.0
2017-04-22 19:30:00,0.0
2017-04-22 20:00:00,0.0
2017-04-22 20:30:00,0.0
2017-04-22 21:00:00,0.0
2017-04-22 21:30:00,0.0
2017-04-22 22:00:00,0.0
2017-04-22 22:30:00,0.0
2017-04-22 23:00:00,0.0
2017-04-22 23:30:00,0.0
2017-04-23 00:00:00,0.0
2017-04-23 00:30:00,0.0
2017-04-23 01:00:00,0.0
2017-04-23 01:30:00,0.0
2017-04-23 02:00:00,0.0
2017-04-23 02:30:00,0.0
2017-04-23 03:00:00,0.0
2017-04-23 03:30:00,0.0
2017-04-23 04:00:00,0.0
2017-04-23 04:30:00,0.0
2017-04-23 05:00:00,0.0
2017-04-23 05:30:00,0.0
2017-04-23 06:00:00,0.0
2017-04-23 06:30:00,0.0
2017-04-23 07:00:00,0.0
2017-04-23 07:30:00,0.0
2017-04-23 08:00:00,-0.82864826968
2017-04-23 08:30:00,-1.07027078088
2017-04-23 09:00:00,-1.58514091232
2017-04-23 09:30:00,-1.45078063675
2017-04-23 10:00:00,-0.0145078063675
2017-04-23 10:30:00,-0.000145078063675
2017-04-23 11:00:00,-1.45078063653e-06
2017-04-23 11:30:00,-1.45078061564e-08
2017-04-23 12:00:00,-1.45077763136e-10
2017-04-23 12:30:00,-1.45035983223e-12
2017-04-23 13:00:00,-1.4921397451e-14
2017-04-23 13:30:00,0.0
2017-04-23 14:00:00,0.0
2017-04-23 14:30:00,0.0
2017-04-23 15:00:00,0.0
2017-04-23 15:30:00,0.0
2017-04-23 16:00:00,0.20670048504
2017-04-23 16:30:00,0.255035495867
2017-04-23 17:00:00,0.289257887296
2017-04-23 17:30:00,0.369930785
2017-04-23 18:00:00,0.371746666667
2017-04-23 18:30:00,0.166921936639
2017-04-23 19:00:00,0.0
2017-04-23 19:30:00,0.0
2017-04-23 20:00:00,0.0
2017-04-23 20:30:00,0.0
2017-04-23 21:00:00,0.0
2017-04-23 21:30:00,0.0
2017-04-23 22:00:00,0.0
2017-04-23 22:30:00,0.0
2017-04-23 23:00:00,0.0
2017-04-23 23:30:00,0.0
2017-04-24 00:00:00,0.0
2017-04-24 00:30:00,0.0
2017-04-24 01:00:00,0.0
2017-04-24 01:30:00,0.0
2017-04-24 02:00:00,0.0
2017-04-24 02:30:00,0.0
2017-04-24 03:00:00,0.0
2017-04-24 03:30:00,0.0
2017-04-24 04:00:00,0.0
2017-04-24 04:30:00,0.0
2017-04-24 05:00:00,0.0
2017-04-24 05:30:00,0.0
2017-04-24 06:00:00,0.0
2017-04-24 06:30:00,0.0
2017-04-24 07:00:00,0.0
2017-04-24 07:30:00,0.0
2017-04-24 08:00:00,0.0
2017-04-24 08:30:00,0.0
2017-04-24 09:00:00,-0.40271342048
2017-04-24 09:30:00,-0.23662400608
2017-04-24 10:00:00,-0.01193677656
2017-04-24 10:30:00,-0.39824879004
2017-04-24 11:00:00,0.21925582224
2017-04-24 11:30:00,0.35003305129
2017-04-24 12:00:00,0.0
2017-04-24 12:30:00,0.0
2017-04-24 13:00:00,0.0
2017-04-24 13:30:00,0.0
2017-04-24 14:00:00,0.0
2017-04-24 14:30:00,0.0
2017-04-24 15:00:00,0.0
2017-04-24 15:30:00,0.0
2017-04-24 16:00:00,0.0
2017-04-24 16:30:00,0.0
2017-04-24 17:00:00,0.0
2017-04-24 17:30:00,0.0
2017-04-24 18:00:00,0.0
2017-04-24 18:30:00,0.0
2017-04-24 19:00:00,0.0
2017-04-24 19:30:00,0.0
2017-04-24 20:00:00,0.0
2017-04-24 20:30:00,0.0
2017-04-24 21:00:00,0.0
2017-04-24 21:30:00,0.0
2017-04-24 22:00:00,0.0
2017-04-24 22:30:00,0.0
2017-04-24 23:00:00,0.0
2017-04-24 23:30:00,0.0
2017-04-25 00:00:00,0.0
2017-04-25 00:30:00,0.0
2017-04-25 01:00:00,0.0
2017-04-25 01:30:00,0.0
2017-04-25 02:00:00,0.0
2017-04-25 02:30:00,0.0
2017-04-25 03:00:00,0.0
2017-04-25 03:30:00,0.0
2017-04-25 04:00:00,0.0
2017-04-25 04:30:00,0.0
2017-04-25 05:00:00,0.0
2017-04-25 05:30:00,0.0
2017-04-25 06:00:00,0.0
2017-04-25 06:30:00,0.0
2017-04-25 07:00:00,0.0
2017-04-25 07:30:00,0.0
2017-04-25 08:00:00,-0.19313486815
2017-04-25 08:30:00,-0.94417108128
2017-04-25 09:00:00,-1.6902653292
2017-04-25 09:30:00,-1.74121969112
2017-04-25 10:00:00,-0.33387496114
2017-04-25 10:30:00,-0.0033387496114
2017-04-25 11:00:00,-3.33874961142e-05
2017-04-25 11:30:00,-3.33874961171e-07
2017-04-25 12:00:00,-3.33874922376e-09
2017-04-25 12:30:00,-3.33871241764e-11
2017-04-25 13:00:00,-3.34239302902e-13
2017-04-25 13:30:00,-2.98427949019e-15
2017-04-25 14:00:00,0.0
2017-04-25 14:30:00,0.0
2017-04-25 15:00:00,0.0
2017-04-25 15:30:00,0.0
2017-04-25 16:00:00,0.11860257024
2017-04-25 16:30:00,0.193238916267
2017-04-25 17:00:00,0.316273134016
2017-04-25 17:30:00,0.4096104355
2017-04-25 18:00:00,0.47227670567
2017-04-25 18:30:00,0.0
2017-04-25 19:00:00,0.0
2017-04-25 19:30:00,0.0
2017-04-25 20:00:00,0.0
2017-04-25 20:30:00,0.0
2017-04-25 21:00:00,0.0
2017-04-25 21:30:00,0.0
2017-04-25 22:00:00,0.0
2017-04-25 22:30:00,0.0
2017-04-25 23:00:00,0.0
2017-04-25 23:30:00,0.0
2017-04-26 00:00:00,0.0
2017-04-26 00:30:00,0.0
2017-04-26 01:00:00,0.0
2017-04-26 01:30:00,0.0
2017-04-26 02:00:00,0.0
2017-04-26 02:30:00,0.0
2017-04-26 03:00:00,0.0
2017-04-26 03:30:00,0.0
2017-04-26 04:00:00,0.0
2017-04-26 04:30:00,0.0
2017-04-26 05:00:00,0.0
2017-04-26 05:30:00,0.0
2017-04-26 06:00:00,0.0
2017-04-26 06:30:00,0.0
2017-04-26 07:00:00,0.0
2017-04-26 07:30:00,0.0
2017-04-26 08:00:00,0.0
2017-04-26 08:30:00,0.0
2017-04-26 09:00:00,0.0
2017-04-26 09:30:00,0.0
2017-04-26 10:00:00,0.0
2017-04-26 10:30:00,0.0
2017-04-26 11:00:00,0.0
2017-04-26 11:30:00,0.0
2017-04-26 12:00:00,0.0
2017-04-26 12:30:00,0.0
2017-04-26 13:00:00,0.0
2017-04-26 13:30:00,0.0
2017-04-26 14:00:00,0.0
2017-04-26 14:30:00,0.0
2017-04-26 15:00:00,0.0
2017-04-26 15:30:00,0.0
2017-04-26 16:00:00,0.0
2017-04-26 16:30:00,0.0
2017-04-26 17:00:00,0.0
2017-04-26 17:30:00,0.0
2017-04-26 18:00:00,0.0
2017-04-26 18:30:00,0.0
2017-04-26 19:00:00,0.0
2017-04-26 19:30:00,0.0
2017-04-26 20:00:00,0.0
2017-04-26 20:30:00,0.0
2017-04-26 21:00:00,0.0
2017-04-26 21:30:00,0.0
2017-04-26 22:00:00,0.0
2017-04-26 22:30:00,0.0
2017-04-26 23:00:00,0.0
2017-04-26 23:30:00,0.0
2017-04-27 00:00:00,0.0
2017-04-27 00:30:00,0.0
2017-04-27 01:00:00,0.0
2017-04-27 01:30:00,0.0
2017-04-27 02:00:00,0.0
2017-04-27 02:30:00,0.0
2017-04-27 03:00:00,0.0
2017-04-27 03:30:00,0.0
2017-04-27 04:00:00,0.0
2017-04-27 04:30:00,0.0
2017-04-27 05:00:00,0.0
2017-04-27 05:30:00,0.0
2017-04-27 06:00:00,0.0
2017-04-27 06:30:00,0.0
2017-04-27 07:00:00,0.0
2017-04-27 07:30:00,0.0
2017-04-27 08:00:00,0.0
2017-04-27 08:30:00,0.0
2017-04-27 09:00:00,0.0
2017-04-27 09:30:00,0.0
2017-04-27 10:00:00,0.0
2017-04-27 10:30:00,-0.58869266652
2017-04-27 11:00:00,-0.99892521015
2017-04-27 11:30:00,-0.16002856572
2017-04-27 12:00:00,0.0634545268
2017-04-27 12:30:00,0.17187390472
2017-04-27 13:00:00,0.18007107132
2017-04-27 13:30:00,-0.09278083868
2017-04-27 14:00:00,0.27557278448
2017-04-27 14:30:00,0.193678775409
2017-04-27 15:00:00,0.0
2017-04-27 15:30:00,0.0
2017-04-27 16:00:00,0.0
2017-04-27 16:30:00,0.0
2017-04-27 17:00:00,0.0
2017-04-27 17:30:00,0.0
2017-04-27 18:00:00,0.0
2017-04-27 18:30:00,0.0
2017-04-27 19:00:00,0.0
2017-04-27 19:30:00,0.0
2017-04-27 20:00:00,0.0
2017-04-27 20:30:00,0.0
2017-04-27 21:00:00,0.0
2017-04-27 21:30:00,0.0
2017-04-27 22:00:00,0.0
2017-04-27 22:30:00,0.0
2017-04-27 23:00:00,0.0
2017-04-27 23:30:00,0.0
2017-04-28 00:00:00,0.0
2017-04-28 00:30:00,0.0
2017-04-28 01:00:00,0.0
2017-04-28 01:30:00,0.0
2017-04-28 02:00:00,0.0
2017-04-28 02:30:00,0.0
2017-04-28 03:00:00,0.0
2017-04-28 03:30:00,0.0
2017-04-28 04:00:00,0.0
2017-04-28 04:30:00,0.0
2017-04-28 05:00:00,0.0
2017-04-28 05:30:00,0.0
2017-04-28 06:00:00,0.0
2017-04-28 06:30:00,0.0
2017-04-28 07:00:00,0.0
2017-04-28 07:30:00,0.0
2017-04-28 08:00:00,0.0
2017-04-28 08:30:00,0.0
2017-04-28 09:00:00,0.0
2017-04-28 09:30:00,0.0
2017-04-28 10:00:00,-0.0693023317
2017-04-28 10:30:00,-0.0991784164
2017-04-28 11:00:00,0.0976779524952
2017-04-28 11:30:00,-0.0686831208
2017-04-28 12:00:00,-0.34048078435
2017-04-28 12:30:00,0.183471097413
2017-04-28 13:00:00,0.0034153399406
2017-04-28 13:30:00,0.0
2017-04-28 14:00:00,0.0
2017-04-28 14:30:00,0.0
2017-04-28 15:00:00,0.0
2017-04-28 15:30:00,0.0
2017-04-28 16:00:00,0.0
2017-04-28 16:30:00,0.0
2017-04-28 17:00:00,0.0
2017-04-28 17:30:00,0.0
2017-04-28 18:00:00,0.0
2017-04-28 18:30:00,0.0
2017-04-28 19:00:00,0.0
2017-04-28 19:30:00,0.0
2017-04-28 20:00:00,0.0
2017-04-28 20:30:00,0.0
2017-04-28 21:00:00,0.0
2017-04-28 21:30:00,0.0
2017-04-28 22:00:00,0.0
2017-04-28 22:30:00,0.0
2017-04-28 23:00:00,0.0
2017-04-28 23:30:00,0.0
2017-04-29 00:00:00,0.0
2017-04-29 00:30:00,0.0
2017-04-29 01:00:00,0.0
2017-04-29 01:30:00,0.0
2017-04-29 02:00:00,0.0
2017-04-29 02:30:00,0.0
2017-04-29 03:00:00,0.0
2017-04-29 03:30:00,0.0
2017-04-29 04:00:00,0.0
2017-04-29 04:30:00,0.0
2017-04-29 05:00:00,0.0
2017-04-29 05:30:00,0.0
2017-04-29 06:00:00,0.0
2017-04-29 06:30:00,0.0
2017-04-29 07:00:00,0.0
2017-04-29 07:30:00,0.0
2017-04-29 08:00:00,0.0
2017-04-29 08:30:00,0.0
2017-04-29 09:00:00,-0.34006940208
2017-04-29 09:30:00,-1.83101103528
2017-04-29 10:00:00,-2.54048751376
2017-04-29 10:30:00,-0.195082491201
2017-04-29 11:00:00,-0.00195082491201
2017-04-29 11:30:00,-1.95082491202e-05
2017-04-29 12:00:00,-1.9508249153e-07
2017-04-29 12:30:00,-1.9508244975e-09
2017-04-29 13:00:00,-1.95082350274e-11
2017-04-29 13:30:00,-1.94972926693e-13
2017-04-29 14:00:00,-1.98951966013e-15
2017-04-29 14:30:00,0.0
2017-04-29 15:00:00,0.0
2017-04-29 15:30:00,0.0
2017-04-29 16:00:00,0.20910882944
2017-04-29 16:30:00,0.2218789545
2017-04-29 17:00:00,0.44131638152
2017-04-29 17:30:00,0.56344113462
2017-04-29 18:00:00,0.324427327988
2017-04-29 18:30:00,0.0
2017-04-29 19:00:00,0.0
2017-04-29 19:30:00,0.0
2017-04-29 20:00:00,0.0
2017-04-29 20:30:00,0.0
2017-04-29 21:00:00,0.0
2017-04-29 21:30:00,0.0
2017-04-29 22:00:00,0.0
2017-04-29 22:30:00,0.0
2017-04-29 23:00:00,0.0
2017-04-29 23:30:00,0.0
2017-04-30 00:00:00,0.0
2017-04-30 00:30:00,0.0
2017-04-30 01:00:00,0.0
2017-04-30 01:30:00,0.0
2017-04-30 02:00:00,0.0
2017-04-30 02:30:00,0.0
2017-04-30 03:00:00,0.0
2017-04-30 03:30:00,0.0
2017-04-30 04:00:00,0.0
2017-04-30 04:30:00,0.0
2017-04-30 05:00:00,0.0
2017-04-30 05:30:00,0.0
2017-04-30 06:00:00,0.0
2017-04-30 06:30:00,0.0
2017-04-30 07:00:00,0.0
2017-04-30 07:30:00,0.0
2017-04-30 08:00:00,-0.34864601793
2017-04-30 08:30:00,-0.950961214
2017-04-30 09:00:00,-1.487831184
2017-04-30 09:30:00,-1.5944459748
2017-04-30 10:00:00,-0.483416506401
2017-04-30 10:30:00,-0.00483416506401
2017-04-30 11:00:00,-4.83416506403e-05
2017-04-30 11:30:00,-4.83416506114e-07
2017-04-30 12:00:00,-4.83416471297e-09
2017-04-30 12:30:00,-4.83413487018e-11
2017-04-30 13:00:00,-4.83453277411e-13
2017-04-30 13:30:00,-4.97379915032e-15
2017-04-30 14:00:00,0.0
2017-04-30 14:30:00,0.0
2017-04-30 15:00:00,0.0
2017-04-30 15:30:00,0.0
2017-04-30 16:00:00,0.185779908347
2017-04-30 16:30:00,0.282833318133
2017-04-30 17:00:00,0.332736342176
2017-04-30 17:30:00,0.46532959725
2017-04-30 18:00:00,0.384734516644
2017-04-30 18:30:00,0.0
2017-04-30 19:00:00,0.0
2017-04-30 19:30:00,0.0
2017-04-30 20:00:00,0.0
2017-04-30 20:30:00,0.0
2017-04-30 21:00:00,0.0
2017-04-30 21:30:00,0.0
2017-04-30 22:00:00,0.0
2017-04-30 22:30:00,0.0
