,solar_fit_payments
2012-08-31 23:30:00,0.0
2012-09-01 00:00:00,0.0
2012-09-01 00:30:00,0.0
2012-09-01 01:00:00,0.0
2012-09-01 01:30:00,0.0
2012-09-01 02:00:00,0.0
2012-09-01 02:30:00,0.0
2012-09-01 03:00:00,0.0
2012-09-01 03:30:00,0.0
2012-09-01 04:00:00,0.0
2012-09-01 04:30:00,0.0
2012-09-01 05:00:00,0.0
2012-09-01 05:30:00,0.0
2012-09-01 06:00:00,0.0
2012-09-01 06:30:00,0.0
2012-09-01 07:00:00,0.0
2012-09-01 07:30:00,0.0
2012-09-01 08:00:00,0.0
2012-09-01 08:30:00,0.0
2012-09-01 09:00:00,0.0
2012-09-01 09:30:00,0.06911999879999954
2012-09-01 10:00:00,0.5909999999880005
2012-09-01 10:30:00,1.43819999999988
2012-09-01 11:00:00,0.0
2012-09-01 11:30:00,0.0
2012-09-01 12:00:00,0.0
2012-09-01 12:30:00,0.0
2012-09-01 13:00:00,0.0
2012-09-01 13:30:00,0.0
2012-09-01 14:00:00,0.0
2012-09-01 14:30:00,0.0
2012-09-01 15:00:00,0.6460799999999989
2012-09-01 15:30:00,0.5379600000000003
2012-09-01 16:00:00,0.0
2012-09-01 16:30:00,0.0
2012-09-01 17:00:00,0.0
2012-09-01 17:30:00,0.0
2012-09-01 18:00:00,0.0
2012-09-01 18:30:00,0.0
2012-09-01 19:00:00,0.0
2012-09-01 19:30:00,0.0
2012-09-01 20:00:00,0.0
2012-09-01 20:30:00,0.0
2012-09-01 21:00:00,0.0
2012-09-01 21:30:00,0.0
2012-09-01 22:00:00,0.0
2012-09-01 22:30:00,0.0
2012-09-01 23:00:00,0.0
2012-09-01 23:30:00,0.0
2012-09-02 00:00:00,0.0
2012-09-02 00:30:00,0.0
2012-09-02 01:00:00,0.0
2012-09-02 01:30:00,0.0
2012-09-02 02:00:00,0.0
2012-09-02 02:30:00,0.0
2012-09-02 03:00:00,0.0
2012-09-02 03:30:00,0.0
2012-09-02 04:00:00,0.0
2012-09-02 04:30:00,0.0
2012-09-02 05:00:00,0.0
2012-09-02 05:30:00,0.0
2012-09-02 06:00:00,0.0
2012-09-02 06:30:00,0.0
2012-09-02 07:00:00,0.0
2012-09-02 07:30:00,0.0
2012-09-02 08:00:00,0.0
2012-09-02 08:30:00,0.0
2012-09-02 09:00:00,0.0
2012-09-02 09:30:00,0.0
2012-09-02 10:00:00,0.37355999879999985
2012-09-02 10:30:00,0.8171999999879995
2012-09-02 11:00:00,0.0
2012-09-02 11:30:00,0.0
2012-09-02 12:00:00,0.0
2012-09-02 12:30:00,0.0
2012-09-02 13:00:00,0.0
2012-09-02 13:30:00,0.0
2012-09-02 14:00:00,0.0
2012-09-02 14:30:00,0.0
2012-09-02 15:00:00,1.3514399999998796
2012-09-02 15:30:00,1.3466399999999985
2012-09-02 16:00:00,0.6697199999999995
2012-09-02 16:30:00,0.0
2012-09-02 17:00:00,0.0
2012-09-02 17:30:00,0.0
2012-09-02 18:00:00,0.0
2012-09-02 18:30:00,0.0
2012-09-02 19:00:00,0.0
2012-09-02 19:30:00,0.0
2012-09-02 20:00:00,0.0
2012-09-02 20:30:00,0.0
2012-09-02 21:00:00,0.0
2012-09-02 21:30:00,0.0
2012-09-02 22:00:00,0.0
2012-09-02 22:30:00,0.0
2012-09-02 23:00:00,0.0
2012-09-02 23:30:00,0.0
2012-09-03 00:00:00,0.0
2012-09-03 00:30:00,0.0
2012-09-03 01:00:00,0.0
2012-09-03 01:30:00,0.0
2012-09-03 02:00:00,0.0
2012-09-03 02:30:00,0.0
2012-09-03 03:00:00,0.0
2012-09-03 03:30:00,0.0
2012-09-03 04:00:00,0.0
2012-09-03 04:30:00,0.0
2012-09-03 05:00:00,0.0
2012-09-03 05:30:00,0.0
2012-09-03 06:00:00,0.0
2012-09-03 06:30:00,0.0
2012-09-03 07:00:00,0.0
2012-09-03 07:30:00,0.0
2012-09-03 08:00:00,0.0
2012-09-03 08:30:00,0.0
2012-09-03 09:00:00,0.0
2012-09-03 09:30:00,0.8546399988
2012-09-03 10:00:00,1.5100799999880001
2012-09-03 10:30:00,1.7813999999998802
2012-09-03 11:00:00,0.0
2012-09-03 11:30:00,0.0
2012-09-03 12:00:00,0.0
2012-09-03 12:30:00,0.0
2012-09-03 13:00:00,0.0
2012-09-03 13:30:00,0.0
2012-09-03 14:00:00,0.0
2012-09-03 14:30:00,0.0
2012-09-03 15:00:00,2.391839999999999
2012-09-03 15:30:00,1.9966799999999998
2012-09-03 16:00:00,1.3375199999999992
2012-09-03 16:30:00,0.44675999999999993
2012-09-03 17:00:00,0.0
2012-09-03 17:30:00,0.0
2012-09-03 18:00:00,0.0
2012-09-03 18:30:00,0.0
2012-09-03 19:00:00,0.0
2012-09-03 19:30:00,0.0
2012-09-03 20:00:00,0.0
2012-09-03 20:30:00,0.0
2012-09-03 21:00:00,0.0
2012-09-03 21:30:00,0.0
2012-09-03 22:00:00,0.0
2012-09-03 22:30:00,0.0
2012-09-03 23:00:00,0.0
2012-09-03 23:30:00,0.0
2012-09-04 00:00:00,0.0
2012-09-04 00:30:00,0.0
2012-09-04 01:00:00,0.0
2012-09-04 01:30:00,0.0
2012-09-04 02:00:00,0.0
2012-09-04 02:30:00,0.0
2012-09-04 03:00:00,0.0
2012-09-04 03:30:00,0.0
2012-09-04 04:00:00,0.0
2012-09-04 04:30:00,0.0
2012-09-04 05:00:00,0.0
2012-09-04 05:30:00,0.0
2012-09-04 06:00:00,0.0
2012-09-04 06:30:00,0.0
2012-09-04 07:00:00,0.0
2012-09-04 07:30:00,0.0
2012-09-04 08:00:00,0.0
2012-09-04 08:30:00,0.0
2012-09-04 09:00:00,0.0
2012-09-04 09:30:00,0.7417199987999998
2012-09-04 10:00:00,0.903839999988
2012-09-04 10:30:00,1.4870399999998798
2012-09-04 11:00:00,0.0
2012-09-04 11:30:00,0.0
2012-09-04 12:00:00,0.0
2012-09-04 12:30:00,0.0
2012-09-04 13:00:00,0.0
2012-09-04 13:30:00,0.0
2012-09-04 14:00:00,0.0
2012-09-04 14:30:00,0.0
2012-09-04 15:00:00,2.0833199999999987
2012-09-04 15:30:00,1.4410799999999997
2012-09-04 16:00:00,0.8601600000000001
2012-09-04 16:30:00,0.14603999999999992
2012-09-04 17:00:00,0.0
2012-09-04 17:30:00,0.0
2012-09-04 18:00:00,0.0
2012-09-04 18:30:00,0.0
2012-09-04 19:00:00,0.0
2012-09-04 19:30:00,0.0
2012-09-04 20:00:00,0.0
2012-09-04 20:30:00,0.0
2012-09-04 21:00:00,0.0
2012-09-04 21:30:00,0.0
2012-09-04 22:00:00,0.0
2012-09-04 22:30:00,0.0
2012-09-04 23:00:00,0.0
2012-09-04 23:30:00,0.0
2012-09-05 00:00:00,0.0
2012-09-05 00:30:00,0.0
2012-09-05 01:00:00,0.0
2012-09-05 01:30:00,0.0
2012-09-05 02:00:00,0.0
2012-09-05 02:30:00,0.0
2012-09-05 03:00:00,0.0
2012-09-05 03:30:00,0.0
2012-09-05 04:00:00,0.0
2012-09-05 04:30:00,0.0
2012-09-05 05:00:00,0.0
2012-09-05 05:30:00,0.0
2012-09-05 06:00:00,0.0
2012-09-05 06:30:00,0.0
2012-09-05 07:00:00,0.0
2012-09-05 07:30:00,0.0
2012-09-05 08:00:00,0.0
2012-09-05 08:30:00,0.0
2012-09-05 09:00:00,0.5069999988000001
2012-09-05 09:30:00,0.8363999999880001
2012-09-05 10:00:00,1.7947199999998797
2012-09-05 10:30:00,2.236319999999999
2012-09-05 11:00:00,0.0
2012-09-05 11:30:00,0.0
2012-09-05 12:00:00,0.0
2012-09-05 12:30:00,0.0
2012-09-05 13:00:00,0.0
2012-09-05 13:30:00,0.0
2012-09-05 14:00:00,0.0
2012-09-05 14:30:00,0.0
2012-09-05 15:00:00,2.4032400000000003
2012-09-05 15:30:00,1.8820799999999993
2012-09-05 16:00:00,1.39908
2012-09-05 16:30:00,0.27275999999999995
2012-09-05 17:00:00,0.0
2012-09-05 17:30:00,0.0
2012-09-05 18:00:00,0.0
2012-09-05 18:30:00,0.0
2012-09-05 19:00:00,0.0
2012-09-05 19:30:00,0.0
2012-09-05 20:00:00,0.0
2012-09-05 20:30:00,0.0
2012-09-05 21:00:00,0.0
2012-09-05 21:30:00,0.0
2012-09-05 22:00:00,0.0
2012-09-05 22:30:00,0.0
2012-09-05 23:00:00,0.0
2012-09-05 23:30:00,0.0
2012-09-06 00:00:00,0.0
2012-09-06 00:30:00,0.0
2012-09-06 01:00:00,0.0
2012-09-06 01:30:00,0.0
2012-09-06 02:00:00,0.0
2012-09-06 02:30:00,0.0
2012-09-06 03:00:00,0.0
2012-09-06 03:30:00,0.0
2012-09-06 04:00:00,0.0
2012-09-06 04:30:00,0.0
2012-09-06 05:00:00,0.0
2012-09-06 05:30:00,0.0
2012-09-06 06:00:00,0.0
2012-09-06 06:30:00,0.0
2012-09-06 07:00:00,0.0
2012-09-06 07:30:00,0.0
2012-09-06 08:00:00,0.0
2012-09-06 08:30:00,0.0
2012-09-06 09:00:00,0.48071999879999994
2012-09-06 09:30:00,1.0837199999879996
2012-09-06 10:00:00,1.7233199999998796
2012-09-06 10:30:00,2.205239999999999
2012-09-06 11:00:00,0.0
2012-09-06 11:30:00,0.0
2012-09-06 12:00:00,0.0
2012-09-06 12:30:00,0.0
2012-09-06 13:00:00,0.0
2012-09-06 13:30:00,0.0
2012-09-06 14:00:00,0.0
2012-09-06 14:30:00,0.0
2012-09-06 15:00:00,2.3337599999999994
2012-09-06 15:30:00,1.9204800000000006
2012-09-06 16:00:00,1.3216799999999997
2012-09-06 16:30:00,0.5915999999999998
2012-09-06 17:00:00,0.0
2012-09-06 17:30:00,0.0
2012-09-06 18:00:00,0.0
2012-09-06 18:30:00,0.0
2012-09-06 19:00:00,0.0
2012-09-06 19:30:00,0.0
2012-09-06 20:00:00,0.0
2012-09-06 20:30:00,0.0
2012-09-06 21:00:00,0.0
2012-09-06 21:30:00,0.0
2012-09-06 22:00:00,0.0
2012-09-06 22:30:00,0.0
2012-09-06 23:00:00,0.0
2012-09-06 23:30:00,0.0
2012-09-07 00:00:00,0.0
2012-09-07 00:30:00,0.0
2012-09-07 01:00:00,0.0
2012-09-07 01:30:00,0.0
2012-09-07 02:00:00,0.0
2012-09-07 02:30:00,0.0
2012-09-07 03:00:00,0.0
2012-09-07 03:30:00,0.0
2012-09-07 04:00:00,0.0
2012-09-07 04:30:00,0.0
2012-09-07 05:00:00,0.0
2012-09-07 05:30:00,0.0
2012-09-07 06:00:00,0.0
2012-09-07 06:30:00,0.0
2012-09-07 07:00:00,0.0
2012-09-07 07:30:00,0.0
2012-09-07 08:00:00,0.0
2012-09-07 08:30:00,0.0
2012-09-07 09:00:00,0.3541199987999998
2012-09-07 09:30:00,1.2398399999879994
2012-09-07 10:00:00,1.6007999999998797
2012-09-07 10:30:00,2.248919999999999
2012-09-07 11:00:00,0.0
2012-09-07 11:30:00,0.0
2012-09-07 12:00:00,0.0
2012-09-07 12:30:00,0.0
2012-09-07 13:00:00,0.0
2012-09-07 13:30:00,0.0
2012-09-07 14:00:00,0.0
2012-09-07 14:30:00,0.0
2012-09-07 15:00:00,0.0
2012-09-07 15:30:00,0.0
2012-09-07 16:00:00,0.0
2012-09-07 16:30:00,0.0
2012-09-07 17:00:00,0.0
2012-09-07 17:30:00,0.0
2012-09-07 18:00:00,0.0
2012-09-07 18:30:00,0.0
2012-09-07 19:00:00,0.0
2012-09-07 19:30:00,0.0
2012-09-07 20:00:00,0.0
2012-09-07 20:30:00,0.0
2012-09-07 21:00:00,0.0
2012-09-07 21:30:00,0.0
2012-09-07 22:00:00,0.0
2012-09-07 22:30:00,0.0
2012-09-07 23:00:00,0.0
2012-09-07 23:30:00,0.0
2012-09-08 00:00:00,0.0
2012-09-08 00:30:00,0.0
2012-09-08 01:00:00,0.0
2012-09-08 01:30:00,0.0
2012-09-08 02:00:00,0.0
2012-09-08 02:30:00,0.0
2012-09-08 03:00:00,0.0
2012-09-08 03:30:00,0.0
2012-09-08 04:00:00,0.0
2012-09-08 04:30:00,0.0
2012-09-08 05:00:00,0.0
2012-09-08 05:30:00,0.0
2012-09-08 06:00:00,0.0
2012-09-08 06:30:00,0.0
2012-09-08 07:00:00,0.0
2012-09-08 07:30:00,0.0
2012-09-08 08:00:00,0.0
2012-09-08 08:30:00,0.0
2012-09-08 09:00:00,0.17135999879999997
2012-09-08 09:30:00,0.5677199999880003
2012-09-08 10:00:00,0.9806399999998798
2012-09-08 10:30:00,1.6510799999999983
2012-09-08 11:00:00,0.0
2012-09-08 11:30:00,0.0
2012-09-08 12:00:00,0.0
2012-09-08 12:30:00,0.0
2012-09-08 13:00:00,0.0
2012-09-08 13:30:00,0.0
2012-09-08 14:00:00,0.0
2012-09-08 14:30:00,0.0
2012-09-08 15:00:00,2.2356000000000003
2012-09-08 15:30:00,1.6533599999999997
2012-09-08 16:00:00,0.86988
2012-09-08 16:30:00,0.15779999999999988
2012-09-08 17:00:00,0.0
2012-09-08 17:30:00,0.0
2012-09-08 18:00:00,0.0
2012-09-08 18:30:00,0.0
2012-09-08 19:00:00,0.0
2012-09-08 19:30:00,0.0
2012-09-08 20:00:00,0.0
2012-09-08 20:30:00,0.0
2012-09-08 21:00:00,0.0
2012-09-08 21:30:00,0.0
2012-09-08 22:00:00,0.0
2012-09-08 22:30:00,0.0
2012-09-08 23:00:00,0.0
2012-09-08 23:30:00,0.0
2012-09-09 00:00:00,0.0
2012-09-09 00:30:00,0.0
2012-09-09 01:00:00,0.0
2012-09-09 01:30:00,0.0
2012-09-09 02:00:00,0.0
2012-09-09 02:30:00,0.0
2012-09-09 03:00:00,0.0
2012-09-09 03:30:00,0.0
2012-09-09 04:00:00,0.0
2012-09-09 04:30:00,0.0
2012-09-09 05:00:00,0.0
2012-09-09 05:30:00,0.0
2012-09-09 06:00:00,0.0
2012-09-09 06:30:00,0.0
2012-09-09 07:00:00,0.0
2012-09-09 07:30:00,0.0
2012-09-09 08:00:00,0.0
2012-09-09 08:30:00,0.0
2012-09-09 09:00:00,0.0
2012-09-09 09:30:00,1.0237199987999999
2012-09-09 10:00:00,1.578959999988
2012-09-09 10:30:00,1.52639999999988
2012-09-09 11:00:00,0.0
2012-09-09 11:30:00,0.0
2012-09-09 12:00:00,0.0
2012-09-09 12:30:00,0.0
2012-09-09 13:00:00,0.0
2012-09-09 13:30:00,0.0
2012-09-09 14:00:00,0.0
2012-09-09 14:30:00,0.0
2012-09-09 15:00:00,1.6249199999999984
2012-09-09 15:30:00,1.5073199999999998
2012-09-09 16:00:00,0.8792400000000001
2012-09-09 16:30:00,0.0
2012-09-09 17:00:00,0.0
2012-09-09 17:30:00,0.0
2012-09-09 18:00:00,0.0
2012-09-09 18:30:00,0.0
2012-09-09 19:00:00,0.0
2012-09-09 19:30:00,0.0
2012-09-09 20:00:00,0.0
2012-09-09 20:30:00,0.0
2012-09-09 21:00:00,0.0
2012-09-09 21:30:00,0.0
2012-09-09 22:00:00,0.0
2012-09-09 22:30:00,0.0
2012-09-09 23:00:00,0.0
2012-09-09 23:30:00,0.0
2012-09-10 00:00:00,0.0
2012-09-10 00:30:00,0.0
2012-09-10 01:00:00,0.0
2012-09-10 01:30:00,0.0
2012-09-10 02:00:00,0.0
2012-09-10 02:30:00,0.0
2012-09-10 03:00:00,0.0
2012-09-10 03:30:00,0.0
2012-09-10 04:00:00,0.0
2012-09-10 04:30:00,0.0
2012-09-10 05:00:00,0.0
2012-09-10 05:30:00,0.0
2012-09-10 06:00:00,0.0
2012-09-10 06:30:00,0.0
2012-09-10 07:00:00,0.0
2012-09-10 07:30:00,0.0
2012-09-10 08:00:00,0.0
2012-09-10 08:30:00,0.0
2012-09-10 09:00:00,0.08171999880000015
2012-09-10 09:30:00,0.773279999988
2012-09-10 10:00:00,1.60823999999988
2012-09-10 10:30:00,1.9497599999999984
2012-09-10 11:00:00,0.0
2012-09-10 11:30:00,0.0
2012-09-10 12:00:00,0.0
2012-09-10 12:30:00,0.0
2012-09-10 13:00:00,0.0
2012-09-10 13:30:00,0.0
2012-09-10 14:00:00,0.0
2012-09-10 14:30:00,0.0
2012-09-10 15:00:00,2.07
2012-09-10 15:30:00,1.45836
2012-09-10 16:00:00,0.7011600000000003
2012-09-10 16:30:00,0.0
2012-09-10 17:00:00,0.0
2012-09-10 17:30:00,0.0
2012-09-10 18:00:00,0.0
2012-09-10 18:30:00,0.0
2012-09-10 19:00:00,0.0
2012-09-10 19:30:00,0.0
2012-09-10 20:00:00,0.0
2012-09-10 20:30:00,0.0
2012-09-10 21:00:00,0.0
2012-09-10 21:30:00,0.0
2012-09-10 22:00:00,0.0
2012-09-10 22:30:00,0.0
2012-09-10 23:00:00,0.0
2012-09-10 23:30:00,0.0
2012-09-11 00:00:00,0.0
2012-09-11 00:30:00,0.0
2012-09-11 01:00:00,0.0
2012-09-11 01:30:00,0.0
2012-09-11 02:00:00,0.0
2012-09-11 02:30:00,0.0
2012-09-11 03:00:00,0.0
2012-09-11 03:30:00,0.0
2012-09-11 04:00:00,0.0
2012-09-11 04:30:00,0.0
2012-09-11 05:00:00,0.0
2012-09-11 05:30:00,0.0
2012-09-11 06:00:00,0.0
2012-09-11 06:30:00,0.0
2012-09-11 07:00:00,0.0
2012-09-11 07:30:00,0.0
2012-09-11 08:00:00,0.0
2012-09-11 08:30:00,0.0
2012-09-11 09:00:00,0.0
2012-09-11 09:30:00,0.1373999988000001
2012-09-11 10:00:00,0.7576799999880002
2012-09-11 10:30:00,1.1932799999998795
2012-09-11 11:00:00,0.0
2012-09-11 11:30:00,0.0
2012-09-11 12:00:00,0.0
2012-09-11 12:30:00,0.0
2012-09-11 13:00:00,0.0
2012-09-11 13:30:00,0.0
2012-09-11 14:00:00,0.0
2012-09-11 14:30:00,0.0
2012-09-11 15:00:00,2.2138799999999983
2012-09-11 15:30:00,1.36272
2012-09-11 16:00:00,0.8225999999999999
2012-09-11 16:30:00,0.12840000000000013
2012-09-11 17:00:00,0.0
2012-09-11 17:30:00,0.0
2012-09-11 18:00:00,0.0
2012-09-11 18:30:00,0.0
2012-09-11 19:00:00,0.0
2012-09-11 19:30:00,0.0
2012-09-11 20:00:00,0.0
2012-09-11 20:30:00,0.0
2012-09-11 21:00:00,0.0
2012-09-11 21:30:00,0.0
2012-09-11 22:00:00,0.0
2012-09-11 22:30:00,0.0
2012-09-11 23:00:00,0.0
2012-09-11 23:30:00,0.0
2012-09-12 00:00:00,0.0
2012-09-12 00:30:00,0.0
2012-09-12 01:00:00,0.0
2012-09-12 01:30:00,0.0
2012-09-12 02:00:00,0.0
2012-09-12 02:30:00,0.0
2012-09-12 03:00:00,0.0
2012-09-12 03:30:00,0.0
2012-09-12 04:00:00,0.0
2012-09-12 04:30:00,0.0
2012-09-12 05:00:00,0.0
2012-09-12 05:30:00,0.0
2012-09-12 06:00:00,0.0
2012-09-12 06:30:00,0.0
2012-09-12 07:00:00,0.0
2012-09-12 07:30:00,0.0
2012-09-12 08:00:00,0.0
2012-09-12 08:30:00,0.0
2012-09-12 09:00:00,0.0
2012-09-12 09:30:00,0.6212399987999998
2012-09-12 10:00:00,1.1611199999880002
2012-09-12 10:30:00,1.4956799999998804
2012-09-12 11:00:00,0.0
2012-09-12 11:30:00,0.0
2012-09-12 12:00:00,0.0
2012-09-12 12:30:00,0.0
2012-09-12 13:00:00,0.0
2012-09-12 13:30:00,0.0
2012-09-12 14:00:00,0.0
2012-09-12 14:30:00,0.0
2012-09-12 15:00:00,1.8939599999999985
2012-09-12 15:30:00,1.68456
2012-09-12 16:00:00,0.8204400000000001
2012-09-12 16:30:00,0.0
2012-09-12 17:00:00,0.0
2012-09-12 17:30:00,0.0
2012-09-12 18:00:00,0.0
2012-09-12 18:30:00,0.0
2012-09-12 19:00:00,0.0
2012-09-12 19:30:00,0.0
2012-09-12 20:00:00,0.0
2012-09-12 20:30:00,0.0
2012-09-12 21:00:00,0.0
2012-09-12 21:30:00,0.0
2012-09-12 22:00:00,0.0
2012-09-12 22:30:00,0.0
2012-09-12 23:00:00,0.0
2012-09-12 23:30:00,0.0
2012-09-13 00:00:00,0.0
2012-09-13 00:30:00,0.0
2012-09-13 01:00:00,0.0
2012-09-13 01:30:00,0.0
2012-09-13 02:00:00,0.0
2012-09-13 02:30:00,0.0
2012-09-13 03:00:00,0.0
2012-09-13 03:30:00,0.0
2012-09-13 04:00:00,0.0
2012-09-13 04:30:00,0.0
2012-09-13 05:00:00,0.0
2012-09-13 05:30:00,0.0
2012-09-13 06:00:00,0.0
2012-09-13 06:30:00,0.0
2012-09-13 07:00:00,0.0
2012-09-13 07:30:00,0.0
2012-09-13 08:00:00,0.0
2012-09-13 08:30:00,0.0
2012-09-13 09:00:00,0.06431999879999999
2012-09-13 09:30:00,0.5305199999879998
2012-09-13 10:00:00,0.91631999999988
2012-09-13 10:30:00,1.217879999999999
2012-09-13 11:00:00,0.0
2012-09-13 11:30:00,0.0
2012-09-13 12:00:00,0.0
2012-09-13 12:30:00,0.0
2012-09-13 13:00:00,0.0
2012-09-13 13:30:00,0.0
2012-09-13 14:00:00,0.0
2012-09-13 14:30:00,0.0
2012-09-13 15:00:00,0.0
2012-09-13 15:30:00,0.0
2012-09-13 16:00:00,0.0
2012-09-13 16:30:00,0.0
2012-09-13 17:00:00,0.0
2012-09-13 17:30:00,0.0
2012-09-13 18:00:00,0.0
2012-09-13 18:30:00,0.0
2012-09-13 19:00:00,0.0
2012-09-13 19:30:00,0.0
2012-09-13 20:00:00,0.0
2012-09-13 20:30:00,0.0
2012-09-13 21:00:00,0.0
2012-09-13 21:30:00,0.0
2012-09-13 22:00:00,0.0
2012-09-13 22:30:00,0.0
2012-09-13 23:00:00,0.0
2012-09-13 23:30:00,0.0
2012-09-14 00:00:00,0.0
2012-09-14 00:30:00,0.0
2012-09-14 01:00:00,0.0
2012-09-14 01:30:00,0.0
2012-09-14 02:00:00,0.0
2012-09-14 02:30:00,0.0
2012-09-14 03:00:00,0.0
2012-09-14 03:30:00,0.0
2012-09-14 04:00:00,0.0
2012-09-14 04:30:00,0.0
2012-09-14 05:00:00,0.0
2012-09-14 05:30:00,0.0
2012-09-14 06:00:00,0.0
2012-09-14 06:30:00,0.0
2012-09-14 07:00:00,0.0
2012-09-14 07:30:00,0.0
2012-09-14 08:00:00,0.0
2012-09-14 08:30:00,0.0
2012-09-14 09:00:00,0.7405199987999999
2012-09-14 09:30:00,1.3796399999879994
2012-09-14 10:00:00,1.9874399999998802
2012-09-14 10:30:00,2.4277199999999985
2012-09-14 11:00:00,0.0
2012-09-14 11:30:00,0.0
2012-09-14 12:00:00,0.0
2012-09-14 12:30:00,0.0
2012-09-14 13:00:00,0.0
2012-09-14 13:30:00,0.0
2012-09-14 14:00:00,0.0
2012-09-14 14:30:00,0.0
2012-09-14 15:00:00,2.20536
2012-09-14 15:30:00,1.6274399999999996
2012-09-14 16:00:00,1.2129599999999998
2012-09-14 16:30:00,0.5089199999999999
2012-09-14 17:00:00,0.0
2012-09-14 17:30:00,0.0
2012-09-14 18:00:00,0.0
2012-09-14 18:30:00,0.0
2012-09-14 19:00:00,0.0
2012-09-14 19:30:00,0.0
2012-09-14 20:00:00,0.0
2012-09-14 20:30:00,0.0
2012-09-14 21:00:00,0.0
2012-09-14 21:30:00,0.0
2012-09-14 22:00:00,0.0
2012-09-14 22:30:00,0.0
2012-09-14 23:00:00,0.0
2012-09-14 23:30:00,0.0
2012-09-15 00:00:00,0.0
2012-09-15 00:30:00,0.0
2012-09-15 01:00:00,0.0
2012-09-15 01:30:00,0.0
2012-09-15 02:00:00,0.0
2012-09-15 02:30:00,0.0
2012-09-15 03:00:00,0.0
2012-09-15 03:30:00,0.0
2012-09-15 04:00:00,0.0
2012-09-15 04:30:00,0.0
2012-09-15 05:00:00,0.0
2012-09-15 05:30:00,0.0
2012-09-15 06:00:00,0.0
2012-09-15 06:30:00,0.0
2012-09-15 07:00:00,0.0
2012-09-15 07:30:00,0.0
2012-09-15 08:00:00,0.0
2012-09-15 08:30:00,0.0
2012-09-15 09:00:00,0.0
2012-09-15 09:30:00,0.6520799987999997
2012-09-15 10:00:00,1.2544799999880003
2012-09-15 10:30:00,1.4644799999998803
2012-09-15 11:00:00,0.0
2012-09-15 11:30:00,0.0
2012-09-15 12:00:00,0.0
2012-09-15 12:30:00,0.0
2012-09-15 13:00:00,0.0
2012-09-15 13:30:00,0.0
2012-09-15 14:00:00,0.0
2012-09-15 14:30:00,0.0
2012-09-15 15:00:00,1.9239599999999986
2012-09-15 15:30:00,1.0839599999999998
2012-09-15 16:00:00,0.0358800000000001
2012-09-15 16:30:00,0.0
2012-09-15 17:00:00,0.0
2012-09-15 17:30:00,0.0
2012-09-15 18:00:00,0.0
2012-09-15 18:30:00,0.0
2012-09-15 19:00:00,0.0
2012-09-15 19:30:00,0.0
2012-09-15 20:00:00,0.0
2012-09-15 20:30:00,0.0
2012-09-15 21:00:00,0.0
2012-09-15 21:30:00,0.0
2012-09-15 22:00:00,0.0
2012-09-15 22:30:00,0.0
2012-09-15 23:00:00,0.0
2012-09-15 23:30:00,0.0
2012-09-16 00:00:00,0.0
2012-09-16 00:30:00,0.0
2012-09-16 01:00:00,0.0
2012-09-16 01:30:00,0.0
2012-09-16 02:00:00,0.0
2012-09-16 02:30:00,0.0
2012-09-16 03:00:00,0.0
2012-09-16 03:30:00,0.0
2012-09-16 04:00:00,0.0
2012-09-16 04:30:00,0.0
2012-09-16 05:00:00,0.0
2012-09-16 05:30:00,0.0
2012-09-16 06:00:00,0.0
2012-09-16 06:30:00,0.0
2012-09-16 07:00:00,0.0
2012-09-16 07:30:00,0.0
2012-09-16 08:00:00,0.0
2012-09-16 08:30:00,0.0
2012-09-16 09:00:00,0.2657999988000002
2012-09-16 09:30:00,0.8884799999879995
2012-09-16 10:00:00,1.3798799999998796
2012-09-16 10:30:00,1.8005999999999984
2012-09-16 11:00:00,0.0
2012-09-16 11:30:00,0.0
2012-09-16 12:00:00,0.0
2012-09-16 12:30:00,0.0
2012-09-16 13:00:00,0.0
2012-09-16 13:30:00,0.0
2012-09-16 14:00:00,0.0
2012-09-16 14:30:00,0.0
2012-09-16 15:00:00,2.4067199999999995
2012-09-16 15:30:00,1.6167599999999995
2012-09-16 16:00:00,1.0131599999999996
2012-09-16 16:30:00,0.18276000000000012
2012-09-16 17:00:00,0.0
2012-09-16 17:30:00,0.0
2012-09-16 18:00:00,0.0
2012-09-16 18:30:00,0.0
2012-09-16 19:00:00,0.0
2012-09-16 19:30:00,0.0
2012-09-16 20:00:00,0.0
2012-09-16 20:30:00,0.0
2012-09-16 21:00:00,0.0
2012-09-16 21:30:00,0.0
2012-09-16 22:00:00,0.0
2012-09-16 22:30:00,0.0
2012-09-16 23:00:00,0.0
2012-09-16 23:30:00,0.0
2012-09-17 00:00:00,0.0
2012-09-17 00:30:00,0.0
2012-09-17 01:00:00,0.0
2012-09-17 01:30:00,0.0
2012-09-17 02:00:00,0.0
2012-09-17 02:30:00,0.0
2012-09-17 03:00:00,0.0
2012-09-17 03:30:00,0.0
2012-09-17 04:00:00,0.0
2012-09-17 04:30:00,0.0
2012-09-17 05:00:00,0.0
2012-09-17 05:30:00,0.0
2012-09-17 06:00:00,0.0
2012-09-17 06:30:00,0.0
2012-09-17 07:00:00,0.0
2012-09-17 07:30:00,0.0
2012-09-17 08:00:00,0.0
2012-09-17 08:30:00,0.0
2012-09-17 09:00:00,0.0
2012-09-17 09:30:00,0.0
2012-09-17 10:00:00,0.06131999879999977
2012-09-17 10:30:00,0.2920799999880002
2012-09-17 11:00:00,0.0
2012-09-17 11:30:00,0.0
2012-09-17 12:00:00,0.0
2012-09-17 12:30:00,0.0
2012-09-17 13:00:00,0.0
2012-09-17 13:30:00,0.0
2012-09-17 14:00:00,0.0
2012-09-17 14:30:00,0.0
2012-09-17 15:00:00,1.6213199999998802
2012-09-17 15:30:00,0.9886799999999991
2012-09-17 16:00:00,0.1357200000000001
2012-09-17 16:30:00,0.0
2012-09-17 17:00:00,0.0
2012-09-17 17:30:00,0.0
2012-09-17 18:00:00,0.0
2012-09-17 18:30:00,0.0
2012-09-17 19:00:00,0.0
2012-09-17 19:30:00,0.0
2012-09-17 20:00:00,0.0
2012-09-17 20:30:00,0.0
2012-09-17 21:00:00,0.0
2012-09-17 21:30:00,0.0
2012-09-17 22:00:00,0.0
2012-09-17 22:30:00,0.0
2012-09-17 23:00:00,0.0
2012-09-17 23:30:00,0.0
2012-09-18 00:00:00,0.0
2012-09-18 00:30:00,0.0
2012-09-18 01:00:00,0.0
2012-09-18 01:30:00,0.0
2012-09-18 02:00:00,0.0
2012-09-18 02:30:00,0.0
2012-09-18 03:00:00,0.0
2012-09-18 03:30:00,0.0
2012-09-18 04:00:00,0.0
2012-09-18 04:30:00,0.0
2012-09-18 05:00:00,0.0
2012-09-18 05:30:00,0.0
2012-09-18 06:00:00,0.0
2012-09-18 06:30:00,0.0
2012-09-18 07:00:00,0.0
2012-09-18 07:30:00,0.0
2012-09-18 08:00:00,0.0
2012-09-18 08:30:00,0.0
2012-09-18 09:00:00,0.6317999988
2012-09-18 09:30:00,1.3124399999879999
2012-09-18 10:00:00,1.8083999999998799
2012-09-18 10:30:00,2.1071999999999984
2012-09-18 11:00:00,0.0
2012-09-18 11:30:00,0.0
2012-09-18 12:00:00,0.0
2012-09-18 12:30:00,0.0
2012-09-18 13:00:00,0.0
2012-09-18 13:30:00,0.0
2012-09-18 14:00:00,0.0
2012-09-18 14:30:00,0.0
2012-09-18 15:00:00,2.04228
2012-09-18 15:30:00,0.89292
2012-09-18 16:00:00,0.0
2012-09-18 16:30:00,0.0
2012-09-18 17:00:00,0.0
2012-09-18 17:30:00,0.0
2012-09-18 18:00:00,0.0
2012-09-18 18:30:00,0.0
2012-09-18 19:00:00,0.0
2012-09-18 19:30:00,0.0
2012-09-18 20:00:00,0.0
2012-09-18 20:30:00,0.0
2012-09-18 21:00:00,0.0
2012-09-18 21:30:00,0.0
2012-09-18 22:00:00,0.0
2012-09-18 22:30:00,0.0
2012-09-18 23:00:00,0.0
2012-09-18 23:30:00,0.0
2012-09-19 00:00:00,0.0
2012-09-19 00:30:00,0.0
2012-09-19 01:00:00,0.0
2012-09-19 01:30:00,0.0
2012-09-19 02:00:00,0.0
2012-09-19 02:30:00,0.0
2012-09-19 03:00:00,0.0
2012-09-19 03:30:00,0.0
2012-09-19 04:00:00,0.0
2012-09-19 04:30:00,0.0
2012-09-19 05:00:00,0.0
2012-09-19 05:30:00,0.0
2012-09-19 06:00:00,0.0
2012-09-19 06:30:00,0.0
2012-09-19 07:00:00,0.0
2012-09-19 07:30:00,0.0
2012-09-19 08:00:00,0.0
2012-09-19 08:30:00,0.0
2012-09-19 09:00:00,0.5717999988000004
2012-09-19 09:30:00,1.0111199999879992
2012-09-19 10:00:00,1.5137999999998797
2012-09-19 10:30:00,1.9181999999999988
2012-09-19 11:00:00,0.0
2012-09-19 11:30:00,0.0
2012-09-19 12:00:00,0.0
2012-09-19 12:30:00,0.0
2012-09-19 13:00:00,0.0
2012-09-19 13:30:00,0.0
2012-09-19 14:00:00,0.0
2012-09-19 14:30:00,0.0
2012-09-19 15:00:00,2.03808
2012-09-19 15:30:00,1.64376
2012-09-19 16:00:00,1.1618399999999998
2012-09-19 16:30:00,0.62496
2012-09-19 17:00:00,0.0
2012-09-19 17:30:00,0.0
2012-09-19 18:00:00,0.0
2012-09-19 18:30:00,0.0
2012-09-19 19:00:00,0.0
2012-09-19 19:30:00,0.0
2012-09-19 20:00:00,0.0
2012-09-19 20:30:00,0.0
2012-09-19 21:00:00,0.0
2012-09-19 21:30:00,0.0
2012-09-19 22:00:00,0.0
2012-09-19 22:30:00,0.0
2012-09-19 23:00:00,0.0
2012-09-19 23:30:00,0.0
2012-09-20 00:00:00,0.0
2012-09-20 00:30:00,0.0
2012-09-20 01:00:00,0.0
2012-09-20 01:30:00,0.0
2012-09-20 02:00:00,0.0
2012-09-20 02:30:00,0.0
2012-09-20 03:00:00,0.0
2012-09-20 03:30:00,0.0
2012-09-20 04:00:00,0.0
2012-09-20 04:30:00,0.0
2012-09-20 05:00:00,0.0
2012-09-20 05:30:00,0.0
2012-09-20 06:00:00,0.0
2012-09-20 06:30:00,0.0
2012-09-20 07:00:00,0.0
2012-09-20 07:30:00,0.0
2012-09-20 08:00:00,0.0
2012-09-20 08:30:00,0.0
2012-09-20 09:00:00,0.0
2012-09-20 09:30:00,0.3988799988000002
2012-09-20 10:00:00,1.1128799999880001
2012-09-20 10:30:00,1.5433199999998795
2012-09-20 11:00:00,0.0
2012-09-20 11:30:00,0.0
2012-09-20 12:00:00,0.0
2012-09-20 12:30:00,0.0
2012-09-20 13:00:00,0.0
2012-09-20 13:30:00,0.0
2012-09-20 14:00:00,0.0
2012-09-20 14:30:00,0.0
2012-09-20 15:00:00,2.259239999999999
2012-09-20 15:30:00,1.8916799999999996
2012-09-20 16:00:00,0.9333599999999997
2012-09-20 16:30:00,0.02712000000000021
2012-09-20 17:00:00,0.0
2012-09-20 17:30:00,0.0
2012-09-20 18:00:00,0.0
2012-09-20 18:30:00,0.0
2012-09-20 19:00:00,0.0
2012-09-20 19:30:00,0.0
2012-09-20 20:00:00,0.0
2012-09-20 20:30:00,0.0
2012-09-20 21:00:00,0.0
2012-09-20 21:30:00,0.0
2012-09-20 22:00:00,0.0
2012-09-20 22:30:00,0.0
2012-09-20 23:00:00,0.0
2012-09-20 23:30:00,0.0
2012-09-21 00:00:00,0.0
2012-09-21 00:30:00,0.0
2012-09-21 01:00:00,0.0
2012-09-21 01:30:00,0.0
2012-09-21 02:00:00,0.0
2012-09-21 02:30:00,0.0
2012-09-21 03:00:00,0.0
2012-09-21 03:30:00,0.0
2012-09-21 04:00:00,0.0
2012-09-21 04:30:00,0.0
2012-09-21 05:00:00,0.0
2012-09-21 05:30:00,0.0
2012-09-21 06:00:00,0.0
2012-09-21 06:30:00,0.0
2012-09-21 07:00:00,0.0
2012-09-21 07:30:00,0.0
2012-09-21 08:00:00,0.0
2012-09-21 08:30:00,0.0
2012-09-21 09:00:00,0.0
2012-09-21 09:30:00,0.0
2012-09-21 10:00:00,0.14123999879999993
2012-09-21 10:30:00,0.0
2012-09-21 11:00:00,0.0
2012-09-21 11:30:00,0.0
2012-09-21 12:00:00,0.0
2012-09-21 12:30:00,0.0
2012-09-21 13:00:00,0.0
2012-09-21 13:30:00,0.0
2012-09-21 14:00:00,0.0
2012-09-21 14:30:00,0.0
2012-09-21 15:00:00,1.8674399999880003
2012-09-21 15:30:00,1.0906799999998802
2012-09-21 16:00:00,0.5764799999999985
2012-09-21 16:30:00,0.0
2012-09-21 17:00:00,0.0
2012-09-21 17:30:00,0.0
2012-09-21 18:00:00,0.0
2012-09-21 18:30:00,0.0
2012-09-21 19:00:00,0.0
2012-09-21 19:30:00,0.0
2012-09-21 20:00:00,0.0
2012-09-21 20:30:00,0.0
2012-09-21 21:00:00,0.0
2012-09-21 21:30:00,0.0
2012-09-21 22:00:00,0.0
2012-09-21 22:30:00,0.0
2012-09-21 23:00:00,0.0
2012-09-21 23:30:00,0.0
2012-09-22 00:00:00,0.0
2012-09-22 00:30:00,0.0
2012-09-22 01:00:00,0.0
2012-09-22 01:30:00,0.0
2012-09-22 02:00:00,0.0
2012-09-22 02:30:00,0.0
2012-09-22 03:00:00,0.0
2012-09-22 03:30:00,0.0
2012-09-22 04:00:00,0.0
2012-09-22 04:30:00,0.0
2012-09-22 05:00:00,0.0
2012-09-22 05:30:00,0.0
2012-09-22 06:00:00,0.0
2012-09-22 06:30:00,0.0
2012-09-22 07:00:00,0.0
2012-09-22 07:30:00,0.0
2012-09-22 08:00:00,0.0
2012-09-22 08:30:00,0.0
2012-09-22 09:00:00,0.4837199988000001
2012-09-22 09:30:00,1.250519999988
2012-09-22 10:00:00,1.7765999999998798
2012-09-22 10:30:00,2.180639999999998
2012-09-22 11:00:00,0.0
2012-09-22 11:30:00,0.0
2012-09-22 12:00:00,0.0
2012-09-22 12:30:00,0.0
2012-09-22 13:00:00,0.0
2012-09-22 13:30:00,0.0
2012-09-22 14:00:00,0.0
2012-09-22 14:30:00,0.0
2012-09-22 15:00:00,2.103359999999999
2012-09-22 15:30:00,1.6511999999999993
2012-09-22 16:00:00,1.2525600000000001
2012-09-22 16:30:00,0.2795999999999997
2012-09-22 17:00:00,0.0
2012-09-22 17:30:00,0.0
2012-09-22 18:00:00,0.0
2012-09-22 18:30:00,0.0
2012-09-22 19:00:00,0.0
2012-09-22 19:30:00,0.0
2012-09-22 20:00:00,0.0
2012-09-22 20:30:00,0.0
2012-09-22 21:00:00,0.0
2012-09-22 21:30:00,0.0
2012-09-22 22:00:00,0.0
2012-09-22 22:30:00,0.0
2012-09-22 23:00:00,0.0
2012-09-22 23:30:00,0.0
2012-09-23 00:00:00,0.0
2012-09-23 00:30:00,0.0
2012-09-23 01:00:00,0.0
2012-09-23 01:30:00,0.0
2012-09-23 02:00:00,0.0
2012-09-23 02:30:00,0.0
2012-09-23 03:00:00,0.0
2012-09-23 03:30:00,0.0
2012-09-23 04:00:00,0.0
2012-09-23 04:30:00,0.0
2012-09-23 05:00:00,0.0
2012-09-23 05:30:00,0.0
2012-09-23 06:00:00,0.0
2012-09-23 06:30:00,0.0
2012-09-23 07:00:00,0.0
2012-09-23 07:30:00,0.0
2012-09-23 08:00:00,0.0
2012-09-23 08:30:00,0.03563999879999987
2012-09-23 09:00:00,0.6814799999879997
2012-09-23 09:30:00,1.45139999999988
2012-09-23 10:00:00,1.7068799999999986
2012-09-23 10:30:00,2.237040000000001
2012-09-23 11:00:00,0.0
2012-09-23 11:30:00,0.0
2012-09-23 12:00:00,0.0
2012-09-23 12:30:00,0.0
2012-09-23 13:00:00,0.0
2012-09-23 13:30:00,0.0
2012-09-23 14:00:00,0.0
2012-09-23 14:30:00,0.0
2012-09-23 15:00:00,1.8758400000000002
2012-09-23 15:30:00,1.3754400000000004
2012-09-23 16:00:00,0.80796
2012-09-23 16:30:00,0.0
2012-09-23 17:00:00,0.0
2012-09-23 17:30:00,0.0
2012-09-23 18:00:00,0.0
2012-09-23 18:30:00,0.0
2012-09-23 19:00:00,0.0
2012-09-23 19:30:00,0.0
2012-09-23 20:00:00,0.0
2012-09-23 20:30:00,0.0
2012-09-23 21:00:00,0.0
2012-09-23 21:30:00,0.0
2012-09-23 22:00:00,0.0
2012-09-23 22:30:00,0.0
2012-09-23 23:00:00,0.0
2012-09-23 23:30:00,0.0
2012-09-24 00:00:00,0.0
2012-09-24 00:30:00,0.0
2012-09-24 01:00:00,0.0
2012-09-24 01:30:00,0.0
2012-09-24 02:00:00,0.0
2012-09-24 02:30:00,0.0
2012-09-24 03:00:00,0.0
2012-09-24 03:30:00,0.0
2012-09-24 04:00:00,0.0
2012-09-24 04:30:00,0.0
2012-09-24 05:00:00,0.0
2012-09-24 05:30:00,0.0
2012-09-24 06:00:00,0.0
2012-09-24 06:30:00,0.0
2012-09-24 07:00:00,0.0
2012-09-24 07:30:00,0.0
2012-09-24 08:00:00,0.0
2012-09-24 08:30:00,0.1203599987999999
2012-09-24 09:00:00,0.3501599999879998
2012-09-24 09:30:00,1.2422399999998803
2012-09-24 10:00:00,1.8087599999999986
2012-09-24 10:30:00,2.1885599999999994
2012-09-24 11:00:00,0.0
2012-09-24 11:30:00,0.0
2012-09-24 12:00:00,0.0
2012-09-24 12:30:00,0.0
2012-09-24 13:00:00,0.0
2012-09-24 13:30:00,0.0
2012-09-24 14:00:00,0.0
2012-09-24 14:30:00,0.0
2012-09-24 15:00:00,2.14608
2012-09-24 15:30:00,1.37412
2012-09-24 16:00:00,0.9879599999999998
2012-09-24 16:30:00,0.3513599999999999
2012-09-24 17:00:00,0.0
2012-09-24 17:30:00,0.0
2012-09-24 18:00:00,0.0
2012-09-24 18:30:00,0.0
2012-09-24 19:00:00,0.0
2012-09-24 19:30:00,0.0
2012-09-24 20:00:00,0.0
2012-09-24 20:30:00,0.0
2012-09-24 21:00:00,0.0
2012-09-24 21:30:00,0.0
2012-09-24 22:00:00,0.0
2012-09-24 22:30:00,0.0
2012-09-24 23:00:00,0.0
2012-09-24 23:30:00,0.0
2012-09-25 00:00:00,0.0
2012-09-25 00:30:00,0.0
2012-09-25 01:00:00,0.0
2012-09-25 01:30:00,0.0
2012-09-25 02:00:00,0.0
2012-09-25 02:30:00,0.0
2012-09-25 03:00:00,0.0
2012-09-25 03:30:00,0.0
2012-09-25 04:00:00,0.0
2012-09-25 04:30:00,0.0
2012-09-25 05:00:00,0.0
2012-09-25 05:30:00,0.0
2012-09-25 06:00:00,0.0
2012-09-25 06:30:00,0.0
2012-09-25 07:00:00,0.0
2012-09-25 07:30:00,0.0
2012-09-25 08:00:00,0.0
2012-09-25 08:30:00,0.0
2012-09-25 09:00:00,0.0
2012-09-25 09:30:00,0.0
2012-09-25 10:00:00,0.0
2012-09-25 10:30:00,0.07091999880000016
2012-09-25 11:00:00,0.0
2012-09-25 11:30:00,0.0
2012-09-25 12:00:00,0.0
2012-09-25 12:30:00,0.0
2012-09-25 13:00:00,0.0
2012-09-25 13:30:00,0.0
2012-09-25 14:00:00,0.0
2012-09-25 14:30:00,0.0
2012-09-25 15:00:00,1.1479199999880003
2012-09-25 15:30:00,0.32291999999988
2012-09-25 16:00:00,0.0
2012-09-25 16:30:00,0.0
2012-09-25 17:00:00,0.0
2012-09-25 17:30:00,0.0
2012-09-25 18:00:00,0.0
2012-09-25 18:30:00,0.0
2012-09-25 19:00:00,0.0
2012-09-25 19:30:00,0.0
2012-09-25 20:00:00,0.0
2012-09-25 20:30:00,0.0
2012-09-25 21:00:00,0.0
2012-09-25 21:30:00,0.0
2012-09-25 22:00:00,0.0
2012-09-25 22:30:00,0.0
2012-09-25 23:00:00,0.0
2012-09-25 23:30:00,0.0
2012-09-26 00:00:00,0.0
2012-09-26 00:30:00,0.0
2012-09-26 01:00:00,0.0
2012-09-26 01:30:00,0.0
2012-09-26 02:00:00,0.0
2012-09-26 02:30:00,0.0
2012-09-26 03:00:00,0.0
2012-09-26 03:30:00,0.0
2012-09-26 04:00:00,0.0
2012-09-26 04:30:00,0.0
2012-09-26 05:00:00,0.0
2012-09-26 05:30:00,0.0
2012-09-26 06:00:00,0.0
2012-09-26 06:30:00,0.0
2012-09-26 07:00:00,0.0
2012-09-26 07:30:00,0.0
2012-09-26 08:00:00,0.0
2012-09-26 08:30:00,0.0
2012-09-26 09:00:00,0.09095999879999968
2012-09-26 09:30:00,0.653279999988
2012-09-26 10:00:00,1.16375999999988
2012-09-26 10:30:00,1.501559999999999
2012-09-26 11:00:00,0.0
2012-09-26 11:30:00,0.0
2012-09-26 12:00:00,0.0
2012-09-26 12:30:00,0.0
2012-09-26 13:00:00,0.0
2012-09-26 13:30:00,0.0
2012-09-26 14:00:00,0.0
2012-09-26 14:30:00,0.0
2012-09-26 15:00:00,2.00916
2012-09-26 15:30:00,1.4589599999999996
2012-09-26 16:00:00,0.8367599999999998
2012-09-26 16:30:00,0.27792000000000006
2012-09-26 17:00:00,0.0
2012-09-26 17:30:00,0.0
2012-09-26 18:00:00,0.0
2012-09-26 18:30:00,0.0
2012-09-26 19:00:00,0.0
2012-09-26 19:30:00,0.0
2012-09-26 20:00:00,0.0
2012-09-26 20:30:00,0.0
2012-09-26 21:00:00,0.0
2012-09-26 21:30:00,0.0
2012-09-26 22:00:00,0.0
2012-09-26 22:30:00,0.0
2012-09-26 23:00:00,0.0
2012-09-26 23:30:00,0.0
2012-09-27 00:00:00,0.0
2012-09-27 00:30:00,0.0
2012-09-27 01:00:00,0.0
2012-09-27 01:30:00,0.0
2012-09-27 02:00:00,0.0
2012-09-27 02:30:00,0.0
2012-09-27 03:00:00,0.0
2012-09-27 03:30:00,0.0
2012-09-27 04:00:00,0.0
2012-09-27 04:30:00,0.0
2012-09-27 05:00:00,0.0
2012-09-27 05:30:00,0.0
2012-09-27 06:00:00,0.0
2012-09-27 06:30:00,0.0
2012-09-27 07:00:00,0.0
2012-09-27 07:30:00,0.0
2012-09-27 08:00:00,0.0
2012-09-27 08:30:00,0.0
2012-09-27 09:00:00,0.3287999987999998
2012-09-27 09:30:00,0.8107199999879998
2012-09-27 10:00:00,1.2723599999998803
2012-09-27 10:30:00,1.5835199999999985
2012-09-27 11:00:00,0.0
2012-09-27 11:30:00,0.0
2012-09-27 12:00:00,0.0
2012-09-27 12:30:00,0.0
2012-09-27 13:00:00,0.0
2012-09-27 13:30:00,0.0
2012-09-27 14:00:00,0.0
2012-09-27 14:30:00,0.0
2012-09-27 15:00:00,1.1142
2012-09-27 15:30:00,0.66684
2012-09-27 16:00:00,0.0
2012-09-27 16:30:00,0.0
2012-09-27 17:00:00,0.0
2012-09-27 17:30:00,0.0
2012-09-27 18:00:00,0.0
2012-09-27 18:30:00,0.0
2012-09-27 19:00:00,0.0
2012-09-27 19:30:00,0.0
2012-09-27 20:00:00,0.0
2012-09-27 20:30:00,0.0
2012-09-27 21:00:00,0.0
2012-09-27 21:30:00,0.0
2012-09-27 22:00:00,0.0
2012-09-27 22:30:00,0.0
2012-09-27 23:00:00,0.0
2012-09-27 23:30:00,0.0
2012-09-28 00:00:00,0.0
2012-09-28 00:30:00,0.0
2012-09-28 01:00:00,0.0
2012-09-28 01:30:00,0.0
2012-09-28 02:00:00,0.0
2012-09-28 02:30:00,0.0
2012-09-28 03:00:00,0.0
2012-09-28 03:30:00,0.0
2012-09-28 04:00:00,0.0
2012-09-28 04:30:00,0.0
2012-09-28 05:00:00,0.0
2012-09-28 05:30:00,0.0
2012-09-28 06:00:00,0.0
2012-09-28 06:30:00,0.0
2012-09-28 07:00:00,0.0
2012-09-28 07:30:00,0.0
2012-09-28 08:00:00,0.0
2012-09-28 08:30:00,0.0
2012-09-28 09:00:00,0.2203199988000002
2012-09-28 09:30:00,1.012679999988
2012-09-28 10:00:00,1.3671599999998798
2012-09-28 10:30:00,1.8664799999999986
2012-09-28 11:00:00,0.0
2012-09-28 11:30:00,0.0
2012-09-28 12:00:00,0.0
2012-09-28 12:30:00,0.0
2012-09-28 13:00:00,0.0
2012-09-28 13:30:00,0.0
2012-09-28 14:00:00,0.0
2012-09-28 14:30:00,0.0
2012-09-28 15:00:00,0.6043199999999999
2012-09-28 15:30:00,0.0
2012-09-28 16:00:00,0.0
2012-09-28 16:30:00,0.0
2012-09-28 17:00:00,0.0
2012-09-28 17:30:00,0.0
2012-09-28 18:00:00,0.0
2012-09-28 18:30:00,0.0
2012-09-28 19:00:00,0.0
2012-09-28 19:30:00,0.0
2012-09-28 20:00:00,0.0
2012-09-28 20:30:00,0.0
2012-09-28 21:00:00,0.0
2012-09-28 21:30:00,0.0
2012-09-28 22:00:00,0.0
2012-09-28 22:30:00,0.0
2012-09-28 23:00:00,0.0
2012-09-28 23:30:00,0.0
2012-09-29 00:00:00,0.0
2012-09-29 00:30:00,0.0
2012-09-29 01:00:00,0.0
2012-09-29 01:30:00,0.0
2012-09-29 02:00:00,0.0
2012-09-29 02:30:00,0.0
2012-09-29 03:00:00,0.0
2012-09-29 03:30:00,0.0
2012-09-29 04:00:00,0.0
2012-09-29 04:30:00,0.0
2012-09-29 05:00:00,0.0
2012-09-29 05:30:00,0.0
2012-09-29 06:00:00,0.0
2012-09-29 06:30:00,0.0
2012-09-29 07:00:00,0.0
2012-09-29 07:30:00,0.0
2012-09-29 08:00:00,0.0
2012-09-29 08:30:00,0.0
2012-09-29 09:00:00,0.0
2012-09-29 09:30:00,0.0
2012-09-29 10:00:00,0.2773199988000001
2012-09-29 10:30:00,0.8235599999879998
2012-09-29 11:00:00,0.0
2012-09-29 11:30:00,0.0
2012-09-29 12:00:00,0.0
2012-09-29 12:30:00,0.0
2012-09-29 13:00:00,0.0
2012-09-29 13:30:00,0.0
2012-09-29 14:00:00,0.0
2012-09-29 14:30:00,0.0
2012-09-29 15:00:00,1.12115999999988
2012-09-29 15:30:00,0.7431599999999992
2012-09-29 16:00:00,0.15959999999999996
2012-09-29 16:30:00,0.0
2012-09-29 17:00:00,0.0
2012-09-29 17:30:00,0.0
2012-09-29 18:00:00,0.0
2012-09-29 18:30:00,0.0
2012-09-29 19:00:00,0.0
2012-09-29 19:30:00,0.0
2012-09-29 20:00:00,0.0
2012-09-29 20:30:00,0.0
2012-09-29 21:00:00,0.0
2012-09-29 21:30:00,0.0
2012-09-29 22:00:00,0.0
2012-09-29 22:30:00,0.0
2012-09-29 23:00:00,0.0
2012-09-29 23:30:00,0.0
2012-09-30 00:00:00,0.0
2012-09-30 00:30:00,0.0
2012-09-30 01:00:00,0.0
2012-09-30 01:30:00,0.0
2012-09-30 02:00:00,0.0
2012-09-30 02:30:00,0.0
2012-09-30 03:00:00,0.0
2012-09-30 03:30:00,0.0
2012-09-30 04:00:00,0.0
2012-09-30 04:30:00,0.0
2012-09-30 05:00:00,0.0
2012-09-30 05:30:00,0.0
2012-09-30 06:00:00,0.0
2012-09-30 06:30:00,0.0
2012-09-30 07:00:00,0.0
2012-09-30 07:30:00,0.0
2012-09-30 08:00:00,0.0
2012-09-30 08:30:00,0.02459999880000037
2012-09-30 09:00:00,0.7564799999879998
2012-09-30 09:30:00,1.4137199999998797
2012-09-30 10:00:00,2.0060399999999987
2012-09-30 10:30:00,2.12628
2012-09-30 11:00:00,0.0
2012-09-30 11:30:00,0.0
2012-09-30 12:00:00,0.0
2012-09-30 12:30:00,0.0
2012-09-30 13:00:00,0.0
2012-09-30 13:30:00,0.0
2012-09-30 14:00:00,0.0
2012-09-30 14:30:00,0.0
2012-09-30 15:00:00,2.25888
2012-09-30 15:30:00,1.68828
2012-09-30 16:00:00,0.8884799999999997
2012-09-30 16:30:00,0.0
2012-09-30 17:00:00,0.0
2012-09-30 17:30:00,0.0
2012-09-30 18:00:00,0.0
2012-09-30 18:30:00,0.0
2012-09-30 19:00:00,0.0
2012-09-30 19:30:00,0.0
2012-09-30 20:00:00,0.0
2012-09-30 20:30:00,0.0
2012-09-30 21:00:00,0.0
2012-09-30 21:30:00,0.0
2012-09-30 22:00:00,0.0
2012-09-30 22:30:00,0.0
2012-09-30 23:00:00,0.0
2012-09-30 23:30:00,0.0
2012-10-01 00:00:00,0.0
2012-10-01 00:30:00,0.0
2012-10-01 01:00:00,0.0
2012-10-01 01:30:00,0.0
2012-10-01 02:00:00,0.0
2012-10-01 02:30:00,0.0
2012-10-01 03:00:00,0.0
2012-10-01 03:30:00,0.0
2012-10-01 04:00:00,0.0
2012-10-01 04:30:00,0.0
2012-10-01 05:00:00,0.0
2012-10-01 05:30:00,0.0
2012-10-01 06:00:00,0.0
2012-10-01 06:30:00,0.0
2012-10-01 07:00:00,0.0
2012-10-01 07:30:00,0.0
2012-10-01 08:00:00,0.0
2012-10-01 08:30:00,0.0
2012-10-01 09:00:00,0.32771999879999963
2012-10-01 09:30:00,0.9147599999880003
2012-10-01 10:00:00,1.1431199999998796
2012-10-01 10:30:00,1.2049199999999989
2012-10-01 11:00:00,0.0
2012-10-01 11:30:00,0.0
2012-10-01 12:00:00,0.0
2012-10-01 12:30:00,0.0
2012-10-01 13:00:00,0.0
2012-10-01 13:30:00,0.0
2012-10-01 14:00:00,0.0
2012-10-01 14:30:00,0.0
2012-10-01 15:00:00,1.99992
2012-10-01 15:30:00,1.4870399999999997
2012-10-01 16:00:00,0.5997600000000006
2012-10-01 16:30:00,0.07260000000000026
2012-10-01 17:00:00,0.0
2012-10-01 17:30:00,0.0
2012-10-01 18:00:00,0.0
2012-10-01 18:30:00,0.0
2012-10-01 19:00:00,0.0
2012-10-01 19:30:00,0.0
2012-10-01 20:00:00,0.0
2012-10-01 20:30:00,0.0
2012-10-01 21:00:00,0.0
2012-10-01 21:30:00,0.0
2012-10-01 22:00:00,0.0
2012-10-01 22:30:00,0.0
2012-10-01 23:00:00,0.0
2012-10-01 23:30:00,0.0
2012-10-02 00:00:00,0.0
2012-10-02 00:30:00,0.0
2012-10-02 01:00:00,0.0
2012-10-02 01:30:00,0.0
2012-10-02 02:00:00,0.0
2012-10-02 02:30:00,0.0
2012-10-02 03:00:00,0.0
2012-10-02 03:30:00,0.0
2012-10-02 04:00:00,0.0
2012-10-02 04:30:00,0.0
2012-10-02 05:00:00,0.0
2012-10-02 05:30:00,0.0
2012-10-02 06:00:00,0.0
2012-10-02 06:30:00,0.0
2012-10-02 07:00:00,0.0
2012-10-02 07:30:00,0.0
2012-10-02 08:00:00,0.0
2012-10-02 08:30:00,0.0
2012-10-02 09:00:00,0.28031999879999997
2012-10-02 09:30:00,0.9855599999879997
2012-10-02 10:00:00,1.40303999999988
2012-10-02 10:30:00,1.8633599999999981
2012-10-02 11:00:00,0.0
2012-10-02 11:30:00,0.0
2012-10-02 12:00:00,0.0
2012-10-02 12:30:00,0.0
2012-10-02 13:00:00,0.0
2012-10-02 13:30:00,0.0
2012-10-02 14:00:00,0.0
2012-10-02 14:30:00,0.0
2012-10-02 15:00:00,2.312999999999999
2012-10-02 15:30:00,1.9897200000000002
2012-10-02 16:00:00,1.3184399999999996
2012-10-02 16:30:00,0.4122
2012-10-02 17:00:00,0.0
2012-10-02 17:30:00,0.0
2012-10-02 18:00:00,0.0
2012-10-02 18:30:00,0.0
2012-10-02 19:00:00,0.0
2012-10-02 19:30:00,0.0
2012-10-02 20:00:00,0.0
2012-10-02 20:30:00,0.0
2012-10-02 21:00:00,0.0
2012-10-02 21:30:00,0.0
2012-10-02 22:00:00,0.0
2012-10-02 22:30:00,0.0
2012-10-02 23:00:00,0.0
2012-10-02 23:30:00,0.0
2012-10-03 00:00:00,0.0
2012-10-03 00:30:00,0.0
2012-10-03 01:00:00,0.0
2012-10-03 01:30:00,0.0
2012-10-03 02:00:00,0.0
2012-10-03 02:30:00,0.0
2012-10-03 03:00:00,0.0
2012-10-03 03:30:00,0.0
2012-10-03 04:00:00,0.0
2012-10-03 04:30:00,0.0
2012-10-03 05:00:00,0.0
2012-10-03 05:30:00,0.0
2012-10-03 06:00:00,0.0
2012-10-03 06:30:00,0.0
2012-10-03 07:00:00,0.0
2012-10-03 07:30:00,0.0
2012-10-03 08:00:00,0.0
2012-10-03 08:30:00,0.3147599988
2012-10-03 09:00:00,1.096319999988
2012-10-03 09:30:00,1.6912799999998795
2012-10-03 10:00:00,2.1923999999999984
2012-10-03 10:30:00,2.6383199999999998
2012-10-03 11:00:00,0.0
2012-10-03 11:30:00,0.0
2012-10-03 12:00:00,0.0
2012-10-03 12:30:00,0.0
2012-10-03 13:00:00,0.0
2012-10-03 13:30:00,0.0
2012-10-03 14:00:00,0.0
2012-10-03 14:30:00,0.0
2012-10-03 15:00:00,2.2872000000000003
2012-10-03 15:30:00,1.80888
2012-10-03 16:00:00,0.9781199999999999
2012-10-03 16:30:00,0.01716000000000016
2012-10-03 17:00:00,0.0
2012-10-03 17:30:00,0.0
2012-10-03 18:00:00,0.0
2012-10-03 18:30:00,0.0
2012-10-03 19:00:00,0.0
2012-10-03 19:30:00,0.0
2012-10-03 20:00:00,0.0
2012-10-03 20:30:00,0.0
2012-10-03 21:00:00,0.0
2012-10-03 21:30:00,0.0
2012-10-03 22:00:00,0.0
2012-10-03 22:30:00,0.0
2012-10-03 23:00:00,0.0
2012-10-03 23:30:00,0.0
2012-10-04 00:00:00,0.0
2012-10-04 00:30:00,0.0
2012-10-04 01:00:00,0.0
2012-10-04 01:30:00,0.0
2012-10-04 02:00:00,0.0
2012-10-04 02:30:00,0.0
2012-10-04 03:00:00,0.0
2012-10-04 03:30:00,0.0
2012-10-04 04:00:00,0.0
2012-10-04 04:30:00,0.0
2012-10-04 05:00:00,0.0
2012-10-04 05:30:00,0.0
2012-10-04 06:00:00,0.0
2012-10-04 06:30:00,0.0
2012-10-04 07:00:00,0.0
2012-10-04 07:30:00,0.0
2012-10-04 08:00:00,0.0
2012-10-04 08:30:00,0.33107999880000016
2012-10-04 09:00:00,0.9397199999879999
2012-10-04 09:30:00,1.61327999999988
2012-10-04 10:00:00,1.8518399999999984
2012-10-04 10:30:00,2.3700000000000006
2012-10-04 11:00:00,0.0
2012-10-04 11:30:00,0.0
2012-10-04 12:00:00,0.0
2012-10-04 12:30:00,0.0
2012-10-04 13:00:00,0.0
2012-10-04 13:30:00,0.0
2012-10-04 14:00:00,0.0
2012-10-04 14:30:00,0.0
2012-10-04 15:00:00,2.08164
2012-10-04 15:30:00,1.1248800000000003
2012-10-04 16:00:00,0.4263600000000003
2012-10-04 16:30:00,0.0
2012-10-04 17:00:00,0.0
2012-10-04 17:30:00,0.0
2012-10-04 18:00:00,0.0
2012-10-04 18:30:00,0.0
2012-10-04 19:00:00,0.0
2012-10-04 19:30:00,0.0
2012-10-04 20:00:00,0.0
2012-10-04 20:30:00,0.0
2012-10-04 21:00:00,0.0
2012-10-04 21:30:00,0.0
2012-10-04 22:00:00,0.0
2012-10-04 22:30:00,0.0
2012-10-04 23:00:00,0.0
2012-10-04 23:30:00,0.0
2012-10-05 00:00:00,0.0
2012-10-05 00:30:00,0.0
2012-10-05 01:00:00,0.0
2012-10-05 01:30:00,0.0
2012-10-05 02:00:00,0.0
2012-10-05 02:30:00,0.0
2012-10-05 03:00:00,0.0
2012-10-05 03:30:00,0.0
2012-10-05 04:00:00,0.0
2012-10-05 04:30:00,0.0
2012-10-05 05:00:00,0.0
2012-10-05 05:30:00,0.0
2012-10-05 06:00:00,0.0
2012-10-05 06:30:00,0.0
2012-10-05 07:00:00,0.0
2012-10-05 07:30:00,0.0
2012-10-05 08:00:00,0.0
2012-10-05 08:30:00,0.0
2012-10-05 09:00:00,0.7118399988000002
2012-10-05 09:30:00,1.2178799999880001
2012-10-05 10:00:00,1.9025999999998793
2012-10-05 10:30:00,2.237039999999999
2012-10-05 11:00:00,0.0
2012-10-05 11:30:00,0.0
2012-10-05 12:00:00,0.0
2012-10-05 12:30:00,0.0
2012-10-05 13:00:00,0.0
2012-10-05 13:30:00,0.0
2012-10-05 14:00:00,0.0
2012-10-05 14:30:00,0.0
2012-10-05 15:00:00,1.5188400000000002
2012-10-05 15:30:00,0.5027999999999999
2012-10-05 16:00:00,0.0
2012-10-05 16:30:00,0.0
2012-10-05 17:00:00,0.0
2012-10-05 17:30:00,0.0
2012-10-05 18:00:00,0.0
2012-10-05 18:30:00,0.0
2012-10-05 19:00:00,0.0
2012-10-05 19:30:00,0.0
2012-10-05 20:00:00,0.0
2012-10-05 20:30:00,0.0
2012-10-05 21:00:00,0.0
2012-10-05 21:30:00,0.0
2012-10-05 22:00:00,0.0
2012-10-05 22:30:00,0.0
2012-10-05 23:00:00,0.0
2012-10-05 23:30:00,0.0
2012-10-06 00:00:00,0.0
2012-10-06 00:30:00,0.0
2012-10-06 01:00:00,0.0
2012-10-06 01:30:00,0.0
2012-10-06 02:00:00,0.0
2012-10-06 02:30:00,0.0
2012-10-06 03:00:00,0.0
2012-10-06 03:30:00,0.0
2012-10-06 04:00:00,0.0
2012-10-06 04:30:00,0.0
2012-10-06 05:00:00,0.0
2012-10-06 05:30:00,0.0
2012-10-06 06:00:00,0.0
2012-10-06 06:30:00,0.0
2012-10-06 07:00:00,0.0
2012-10-06 07:30:00,0.0
2012-10-06 08:00:00,0.0
2012-10-06 08:30:00,0.0
2012-10-06 09:00:00,0.0
2012-10-06 09:30:00,0.0
2012-10-06 10:00:00,0.0
2012-10-06 10:30:00,0.0
2012-10-06 11:00:00,0.0
2012-10-06 11:30:00,0.0
2012-10-06 12:00:00,0.0
2012-10-06 12:30:00,0.0
2012-10-06 13:00:00,0.0
2012-10-06 13:30:00,0.0
2012-10-06 14:00:00,0.0
2012-10-06 14:30:00,0.0
2012-10-06 15:00:00,0.0
2012-10-06 15:30:00,0.0
2012-10-06 16:00:00,0.0
2012-10-06 16:30:00,0.0
2012-10-06 17:00:00,0.0
2012-10-06 17:30:00,0.0
2012-10-06 18:00:00,0.0
2012-10-06 18:30:00,0.0
2012-10-06 19:00:00,0.0
2012-10-06 19:30:00,0.0
2012-10-06 20:00:00,0.0
2012-10-06 20:30:00,0.0
2012-10-06 21:00:00,0.0
2012-10-06 21:30:00,0.0
2012-10-06 22:00:00,0.0
2012-10-06 22:30:00,0.0
2012-10-06 23:00:00,0.0
2012-10-06 23:30:00,0.0
2012-10-07 00:00:00,0.0
2012-10-07 00:30:00,0.0
2012-10-07 01:00:00,0.0
2012-10-07 01:30:00,0.0
2012-10-07 02:00:00,0.0
2012-10-07 02:30:00,0.0
2012-10-07 03:00:00,0.0
2012-10-07 03:30:00,0.0
2012-10-07 04:00:00,0.0
2012-10-07 04:30:00,0.0
2012-10-07 05:00:00,0.0
2012-10-07 05:30:00,0.0
2012-10-07 06:00:00,0.0
2012-10-07 06:30:00,0.0
2012-10-07 07:00:00,0.0
2012-10-07 07:30:00,0.0
2012-10-07 08:00:00,0.0
2012-10-07 08:30:00,0.0
2012-10-07 09:00:00,0.0
2012-10-07 09:30:00,0.0
2012-10-07 10:00:00,0.6369599988
2012-10-07 10:30:00,1.3190399999879996
2012-10-07 11:00:00,0.0
2012-10-07 11:30:00,0.0
2012-10-07 12:00:00,0.0
2012-10-07 12:30:00,0.0
2012-10-07 13:00:00,0.0
2012-10-07 13:30:00,0.0
2012-10-07 14:00:00,0.0
2012-10-07 14:30:00,0.0
2012-10-07 15:00:00,2.9374799999998804
2012-10-07 15:30:00,2.6170799999999983
2012-10-07 16:00:00,2.0821199999999993
2012-10-07 16:30:00,1.1217599999999999
2012-10-07 17:00:00,0.0
2012-10-07 17:30:00,0.0
2012-10-07 18:00:00,0.0
2012-10-07 18:30:00,0.0
2012-10-07 19:00:00,0.0
2012-10-07 19:30:00,0.0
2012-10-07 20:00:00,0.0
2012-10-07 20:30:00,0.0
2012-10-07 21:00:00,0.0
2012-10-07 21:30:00,0.0
2012-10-07 22:00:00,0.0
2012-10-07 22:30:00,0.0
2012-10-07 23:00:00,0.0
2012-10-07 23:30:00,0.0
2012-10-08 00:00:00,0.0
2012-10-08 00:30:00,0.0
2012-10-08 01:00:00,0.0
2012-10-08 01:30:00,0.0
2012-10-08 02:00:00,0.0
2012-10-08 02:30:00,0.0
2012-10-08 03:00:00,0.0
2012-10-08 03:30:00,0.0
2012-10-08 04:00:00,0.0
2012-10-08 04:30:00,0.0
2012-10-08 05:00:00,0.0
2012-10-08 05:30:00,0.0
2012-10-08 06:00:00,0.0
2012-10-08 06:30:00,0.0
2012-10-08 07:00:00,0.0
2012-10-08 07:30:00,0.0
2012-10-08 08:00:00,0.0
2012-10-08 08:30:00,0.0
2012-10-08 09:00:00,0.0
2012-10-08 09:30:00,0.0
2012-10-08 10:00:00,0.20267999879999996
2012-10-08 10:30:00,0.4473599999879999
2012-10-08 11:00:00,0.0
2012-10-08 11:30:00,0.0
2012-10-08 12:00:00,0.0
2012-10-08 12:30:00,0.0
2012-10-08 13:00:00,0.0
2012-10-08 13:30:00,0.0
2012-10-08 14:00:00,0.0
2012-10-08 14:30:00,0.0
2012-10-08 15:00:00,1.8851999999998796
2012-10-08 15:30:00,1.0285199999999983
2012-10-08 16:00:00,0.94512
2012-10-08 16:30:00,0.00012000000000009337
2012-10-08 17:00:00,0.0
2012-10-08 17:30:00,0.0
2012-10-08 18:00:00,0.0
2012-10-08 18:30:00,0.0
2012-10-08 19:00:00,0.0
2012-10-08 19:30:00,0.0
2012-10-08 20:00:00,0.0
2012-10-08 20:30:00,0.0
2012-10-08 21:00:00,0.0
2012-10-08 21:30:00,0.0
2012-10-08 22:00:00,0.0
2012-10-08 22:30:00,0.0
2012-10-08 23:00:00,0.0
2012-10-08 23:30:00,0.0
2012-10-09 00:00:00,0.0
2012-10-09 00:30:00,0.0
2012-10-09 01:00:00,0.0
2012-10-09 01:30:00,0.0
2012-10-09 02:00:00,0.0
2012-10-09 02:30:00,0.0
2012-10-09 03:00:00,0.0
2012-10-09 03:30:00,0.0
2012-10-09 04:00:00,0.0
2012-10-09 04:30:00,0.0
2012-10-09 05:00:00,0.0
2012-10-09 05:30:00,0.0
2012-10-09 06:00:00,0.0
2012-10-09 06:30:00,0.0
2012-10-09 07:00:00,0.0
2012-10-09 07:30:00,0.0
2012-10-09 08:00:00,0.0
2012-10-09 08:30:00,0.0
2012-10-09 09:00:00,0.0
2012-10-09 09:30:00,0.0
2012-10-09 10:00:00,0.0
2012-10-09 10:30:00,0.18059999880000024
2012-10-09 11:00:00,0.0
2012-10-09 11:30:00,0.0
2012-10-09 12:00:00,0.0
2012-10-09 12:30:00,0.0
2012-10-09 13:00:00,0.0
2012-10-09 13:30:00,0.0
2012-10-09 14:00:00,0.0
2012-10-09 14:30:00,0.0
2012-10-09 15:00:00,2.612999999988
2012-10-09 15:30:00,2.30699999999988
2012-10-09 16:00:00,2.313479999999997
2012-10-09 16:30:00,1.5902399999999997
2012-10-09 17:00:00,0.1443599999999999
2012-10-09 17:30:00,0.0
2012-10-09 18:00:00,0.0
2012-10-09 18:30:00,0.0
2012-10-09 19:00:00,0.0
2012-10-09 19:30:00,0.0
2012-10-09 20:00:00,0.0
2012-10-09 20:30:00,0.0
2012-10-09 21:00:00,0.0
2012-10-09 21:30:00,0.0
2012-10-09 22:00:00,0.0
2012-10-09 22:30:00,0.0
2012-10-09 23:00:00,0.0
2012-10-09 23:30:00,0.0
2012-10-10 00:00:00,0.0
2012-10-10 00:30:00,0.0
2012-10-10 01:00:00,0.0
2012-10-10 01:30:00,0.0
2012-10-10 02:00:00,0.0
2012-10-10 02:30:00,0.0
2012-10-10 03:00:00,0.0
2012-10-10 03:30:00,0.0
2012-10-10 04:00:00,0.0
2012-10-10 04:30:00,0.0
2012-10-10 05:00:00,0.0
2012-10-10 05:30:00,0.0
2012-10-10 06:00:00,0.0
2012-10-10 06:30:00,0.0
2012-10-10 07:00:00,0.0
2012-10-10 07:30:00,0.0
2012-10-10 08:00:00,0.0
2012-10-10 08:30:00,0.0
2012-10-10 09:00:00,0.06971999880000006
2012-10-10 09:30:00,0.7147199999880002
2012-10-10 10:00:00,1.0663199999998798
2012-10-10 10:30:00,1.5457199999999984
2012-10-10 11:00:00,0.0
2012-10-10 11:30:00,0.0
2012-10-10 12:00:00,0.0
2012-10-10 12:30:00,0.0
2012-10-10 13:00:00,0.0
2012-10-10 13:30:00,0.0
2012-10-10 14:00:00,0.0
2012-10-10 14:30:00,0.0
2012-10-10 15:00:00,2.863919999999999
2012-10-10 15:30:00,2.60016
2012-10-10 16:00:00,1.9962
2012-10-10 16:30:00,1.3092000000000004
2012-10-10 17:00:00,0.9201599999999996
2012-10-10 17:30:00,0.13115999999999986
2012-10-10 18:00:00,0.0
2012-10-10 18:30:00,0.0
2012-10-10 19:00:00,0.0
2012-10-10 19:30:00,0.0
2012-10-10 20:00:00,0.0
2012-10-10 20:30:00,0.0
2012-10-10 21:00:00,0.0
2012-10-10 21:30:00,0.0
2012-10-10 22:00:00,0.0
2012-10-10 22:30:00,0.0
2012-10-10 23:00:00,0.0
2012-10-10 23:30:00,0.0
2012-10-11 00:00:00,0.0
2012-10-11 00:30:00,0.0
2012-10-11 01:00:00,0.0
2012-10-11 01:30:00,0.0
2012-10-11 02:00:00,0.0
2012-10-11 02:30:00,0.0
2012-10-11 03:00:00,0.0
2012-10-11 03:30:00,0.0
2012-10-11 04:00:00,0.0
2012-10-11 04:30:00,0.0
2012-10-11 05:00:00,0.0
2012-10-11 05:30:00,0.0
2012-10-11 06:00:00,0.0
2012-10-11 06:30:00,0.0
2012-10-11 07:00:00,0.0
2012-10-11 07:30:00,0.0
2012-10-11 08:00:00,0.0
2012-10-11 08:30:00,0.0
2012-10-11 09:00:00,0.0
2012-10-11 09:30:00,0.0
2012-10-11 10:00:00,0.0
2012-10-11 10:30:00,0.0
2012-10-11 11:00:00,0.0
2012-10-11 11:30:00,0.0
2012-10-11 12:00:00,0.0
2012-10-11 12:30:00,0.0
2012-10-11 13:00:00,0.0
2012-10-11 13:30:00,0.0
2012-10-11 14:00:00,0.0
2012-10-11 14:30:00,0.0
2012-10-11 15:00:00,0.0
2012-10-11 15:30:00,0.0
2012-10-11 16:00:00,0.0
2012-10-11 16:30:00,0.0
2012-10-11 17:00:00,0.0
2012-10-11 17:30:00,0.0
2012-10-11 18:00:00,0.0
2012-10-11 18:30:00,0.0
2012-10-11 19:00:00,0.0
2012-10-11 19:30:00,0.0
2012-10-11 20:00:00,0.0
2012-10-11 20:30:00,0.0
2012-10-11 21:00:00,0.0
2012-10-11 21:30:00,0.0
2012-10-11 22:00:00,0.0
2012-10-11 22:30:00,0.0
2012-10-11 23:00:00,0.0
2012-10-11 23:30:00,0.0
2012-10-12 00:00:00,0.0
2012-10-12 00:30:00,0.0
2012-10-12 01:00:00,0.0
2012-10-12 01:30:00,0.0
2012-10-12 02:00:00,0.0
2012-10-12 02:30:00,0.0
2012-10-12 03:00:00,0.0
2012-10-12 03:30:00,0.0
2012-10-12 04:00:00,0.0
2012-10-12 04:30:00,0.0
2012-10-12 05:00:00,0.0
2012-10-12 05:30:00,0.0
2012-10-12 06:00:00,0.0
2012-10-12 06:30:00,0.0
2012-10-12 07:00:00,0.0
2012-10-12 07:30:00,0.0
2012-10-12 08:00:00,0.0
2012-10-12 08:30:00,0.0
2012-10-12 09:00:00,0.0
2012-10-12 09:30:00,0.05591999880000038
2012-10-12 10:00:00,0.18827999998800019
2012-10-12 10:30:00,0.13823999999987993
2012-10-12 11:00:00,0.0
2012-10-12 11:30:00,0.0
2012-10-12 12:00:00,0.0
2012-10-12 12:30:00,0.0
2012-10-12 13:00:00,0.0
2012-10-12 13:30:00,0.0
2012-10-12 14:00:00,0.0
2012-10-12 14:30:00,0.0
2012-10-12 15:00:00,0.0
2012-10-12 15:30:00,0.0
2012-10-12 16:00:00,0.0
2012-10-12 16:30:00,0.0
2012-10-12 17:00:00,0.0
2012-10-12 17:30:00,0.0
2012-10-12 18:00:00,0.0
2012-10-12 18:30:00,0.0
2012-10-12 19:00:00,0.0
2012-10-12 19:30:00,0.0
2012-10-12 20:00:00,0.0
2012-10-12 20:30:00,0.0
2012-10-12 21:00:00,0.0
2012-10-12 21:30:00,0.0
2012-10-12 22:00:00,0.0
2012-10-12 22:30:00,0.0
2012-10-12 23:00:00,0.0
2012-10-12 23:30:00,0.0
2012-10-13 00:00:00,0.0
2012-10-13 00:30:00,0.0
2012-10-13 01:00:00,0.0
2012-10-13 01:30:00,0.0
2012-10-13 02:00:00,0.0
2012-10-13 02:30:00,0.0
2012-10-13 03:00:00,0.0
2012-10-13 03:30:00,0.0
2012-10-13 04:00:00,0.0
2012-10-13 04:30:00,0.0
2012-10-13 05:00:00,0.0
2012-10-13 05:30:00,0.0
2012-10-13 06:00:00,0.0
2012-10-13 06:30:00,0.0
2012-10-13 07:00:00,0.0
2012-10-13 07:30:00,0.0
2012-10-13 08:00:00,0.0
2012-10-13 08:30:00,0.0
2012-10-13 09:00:00,0.0
2012-10-13 09:30:00,0.0
2012-10-13 10:00:00,0.8501999987999993
2012-10-13 10:30:00,1.2698399999880003
2012-10-13 11:00:00,0.0
2012-10-13 11:30:00,0.0
2012-10-13 12:00:00,0.0
2012-10-13 12:30:00,0.0
2012-10-13 13:00:00,0.0
2012-10-13 13:30:00,0.0
2012-10-13 14:00:00,0.0
2012-10-13 14:30:00,0.0
2012-10-13 15:00:00,2.7069599999998797
2012-10-13 15:30:00,2.783519999999998
2012-10-13 16:00:00,2.3480399999999997
2012-10-13 16:30:00,1.5500399999999994
2012-10-13 17:00:00,0.5463600000000001
2012-10-13 17:30:00,0.0
2012-10-13 18:00:00,0.0
2012-10-13 18:30:00,0.0
2012-10-13 19:00:00,0.0
2012-10-13 19:30:00,0.0
2012-10-13 20:00:00,0.0
2012-10-13 20:30:00,0.0
2012-10-13 21:00:00,0.0
2012-10-13 21:30:00,0.0
2012-10-13 22:00:00,0.0
2012-10-13 22:30:00,0.0
2012-10-13 23:00:00,0.0
2012-10-13 23:30:00,0.0
2012-10-14 00:00:00,0.0
2012-10-14 00:30:00,0.0
2012-10-14 01:00:00,0.0
2012-10-14 01:30:00,0.0
2012-10-14 02:00:00,0.0
2012-10-14 02:30:00,0.0
2012-10-14 03:00:00,0.0
2012-10-14 03:30:00,0.0
2012-10-14 04:00:00,0.0
2012-10-14 04:30:00,0.0
2012-10-14 05:00:00,0.0
2012-10-14 05:30:00,0.0
2012-10-14 06:00:00,0.0
2012-10-14 06:30:00,0.0
2012-10-14 07:00:00,0.0
2012-10-14 07:30:00,0.0
2012-10-14 08:00:00,0.0
2012-10-14 08:30:00,0.0
2012-10-14 09:00:00,0.0
2012-10-14 09:30:00,0.0
2012-10-14 10:00:00,0.1520399988000001
2012-10-14 10:30:00,0.6124799999879998
2012-10-14 11:00:00,0.0
2012-10-14 11:30:00,0.0
2012-10-14 12:00:00,0.0
2012-10-14 12:30:00,0.0
2012-10-14 13:00:00,0.0
2012-10-14 13:30:00,0.0
2012-10-14 14:00:00,0.0
2012-10-14 14:30:00,0.0
2012-10-14 15:00:00,2.5627199999998798
2012-10-14 15:30:00,2.360759999999998
2012-10-14 16:00:00,1.84632
2012-10-14 16:30:00,0.9286800000000002
2012-10-14 17:00:00,0.10236000000000019
2012-10-14 17:30:00,0.0
2012-10-14 18:00:00,0.0
2012-10-14 18:30:00,0.0
2012-10-14 19:00:00,0.0
2012-10-14 19:30:00,0.0
2012-10-14 20:00:00,0.0
2012-10-14 20:30:00,0.0
2012-10-14 21:00:00,0.0
2012-10-14 21:30:00,0.0
2012-10-14 22:00:00,0.0
2012-10-14 22:30:00,0.0
2012-10-14 23:00:00,0.0
2012-10-14 23:30:00,0.0
2012-10-15 00:00:00,0.0
2012-10-15 00:30:00,0.0
2012-10-15 01:00:00,0.0
2012-10-15 01:30:00,0.0
2012-10-15 02:00:00,0.0
2012-10-15 02:30:00,0.0
2012-10-15 03:00:00,0.0
2012-10-15 03:30:00,0.0
2012-10-15 04:00:00,0.0
2012-10-15 04:30:00,0.0
2012-10-15 05:00:00,0.0
2012-10-15 05:30:00,0.0
2012-10-15 06:00:00,0.0
2012-10-15 06:30:00,0.0
2012-10-15 07:00:00,0.0
2012-10-15 07:30:00,0.0
2012-10-15 08:00:00,0.0
2012-10-15 08:30:00,0.0
2012-10-15 09:00:00,0.0
2012-10-15 09:30:00,0.4780799988000002
2012-10-15 10:00:00,1.1806799999879996
2012-10-15 10:30:00,1.5914399999998803
2012-10-15 11:00:00,0.0
2012-10-15 11:30:00,0.0
2012-10-15 12:00:00,0.0
2012-10-15 12:30:00,0.0
2012-10-15 13:00:00,0.0
2012-10-15 13:30:00,0.0
2012-10-15 14:00:00,0.0
2012-10-15 14:30:00,0.0
2012-10-15 15:00:00,2.935799999999999
2012-10-15 15:30:00,2.57964
2012-10-15 16:00:00,2.5308000000000006
2012-10-15 16:30:00,1.43496
2012-10-15 17:00:00,0.6169199999999998
2012-10-15 17:30:00,0.0
2012-10-15 18:00:00,0.0
2012-10-15 18:30:00,0.0
2012-10-15 19:00:00,0.0
2012-10-15 19:30:00,0.0
2012-10-15 20:00:00,0.0
2012-10-15 20:30:00,0.0
2012-10-15 21:00:00,0.0
2012-10-15 21:30:00,0.0
2012-10-15 22:00:00,0.0
2012-10-15 22:30:00,0.0
2012-10-15 23:00:00,0.0
2012-10-15 23:30:00,0.0
2012-10-16 00:00:00,0.0
2012-10-16 00:30:00,0.0
2012-10-16 01:00:00,0.0
2012-10-16 01:30:00,0.0
2012-10-16 02:00:00,0.0
2012-10-16 02:30:00,0.0
2012-10-16 03:00:00,0.0
2012-10-16 03:30:00,0.0
2012-10-16 04:00:00,0.0
2012-10-16 04:30:00,0.0
2012-10-16 05:00:00,0.0
2012-10-16 05:30:00,0.0
2012-10-16 06:00:00,0.0
2012-10-16 06:30:00,0.0
2012-10-16 07:00:00,0.0
2012-10-16 07:30:00,0.0
2012-10-16 08:00:00,0.0
2012-10-16 08:30:00,0.0
2012-10-16 09:00:00,0.03683999880000011
2012-10-16 09:30:00,0.592799999988
2012-10-16 10:00:00,1.12523999999988
2012-10-16 10:30:00,1.4491199999999986
2012-10-16 11:00:00,0.0
2012-10-16 11:30:00,0.0
2012-10-16 12:00:00,0.0
2012-10-16 12:30:00,0.0
2012-10-16 13:00:00,0.0
2012-10-16 13:30:00,0.0
2012-10-16 14:00:00,0.0
2012-10-16 14:30:00,0.0
2012-10-16 15:00:00,2.47152
2012-10-16 15:30:00,1.8490799999999996
2012-10-16 16:00:00,1.5714000000000004
2012-10-16 16:30:00,0.9116400000000002
2012-10-16 17:00:00,0.0
2012-10-16 17:30:00,0.0
2012-10-16 18:00:00,0.0
2012-10-16 18:30:00,0.0
2012-10-16 19:00:00,0.0
2012-10-16 19:30:00,0.0
2012-10-16 20:00:00,0.0
2012-10-16 20:30:00,0.0
2012-10-16 21:00:00,0.0
2012-10-16 21:30:00,0.0
2012-10-16 22:00:00,0.0
2012-10-16 22:30:00,0.0
2012-10-16 23:00:00,0.0
2012-10-16 23:30:00,0.0
2012-10-17 00:00:00,0.0
2012-10-17 00:30:00,0.0
2012-10-17 01:00:00,0.0
2012-10-17 01:30:00,0.0
2012-10-17 02:00:00,0.0
2012-10-17 02:30:00,0.0
2012-10-17 03:00:00,0.0
2012-10-17 03:30:00,0.0
2012-10-17 04:00:00,0.0
2012-10-17 04:30:00,0.0
2012-10-17 05:00:00,0.0
2012-10-17 05:30:00,0.0
2012-10-17 06:00:00,0.0
2012-10-17 06:30:00,0.0
2012-10-17 07:00:00,0.0
2012-10-17 07:30:00,0.0
2012-10-17 08:00:00,0.0
2012-10-17 08:30:00,0.0
2012-10-17 09:00:00,0.06287999879999998
2012-10-17 09:30:00,0.6273599999879999
2012-10-17 10:00:00,1.0983599999998797
2012-10-17 10:30:00,1.3239599999999987
2012-10-17 11:00:00,0.0
2012-10-17 11:30:00,0.0
2012-10-17 12:00:00,0.0
2012-10-17 12:30:00,0.0
2012-10-17 13:00:00,0.0
2012-10-17 13:30:00,0.0
2012-10-17 14:00:00,0.0
2012-10-17 14:30:00,0.0
2012-10-17 15:00:00,2.5314
2012-10-17 15:30:00,2.5046399999999998
2012-10-17 16:00:00,2.08836
2012-10-17 16:30:00,0.82896
2012-10-17 17:00:00,0.0986400000000003
2012-10-17 17:30:00,0.0
2012-10-17 18:00:00,0.0
2012-10-17 18:30:00,0.0
2012-10-17 19:00:00,0.0
2012-10-17 19:30:00,0.0
2012-10-17 20:00:00,0.0
2012-10-17 20:30:00,0.0
2012-10-17 21:00:00,0.0
2012-10-17 21:30:00,0.0
2012-10-17 22:00:00,0.0
2012-10-17 22:30:00,0.0
2012-10-17 23:00:00,0.0
2012-10-17 23:30:00,0.0
2012-10-18 00:00:00,0.0
2012-10-18 00:30:00,0.0
2012-10-18 01:00:00,0.0
2012-10-18 01:30:00,0.0
2012-10-18 02:00:00,0.0
2012-10-18 02:30:00,0.0
2012-10-18 03:00:00,0.0
2012-10-18 03:30:00,0.0
2012-10-18 04:00:00,0.0
2012-10-18 04:30:00,0.0
2012-10-18 05:00:00,0.0
2012-10-18 05:30:00,0.0
2012-10-18 06:00:00,0.0
2012-10-18 06:30:00,0.0
2012-10-18 07:00:00,0.0
2012-10-18 07:30:00,0.0
2012-10-18 08:00:00,0.0
2012-10-18 08:30:00,0.0
2012-10-18 09:00:00,0.0
2012-10-18 09:30:00,0.0
2012-10-18 10:00:00,0.2276399988000001
2012-10-18 10:30:00,0.21911999998800016
2012-10-18 11:00:00,0.0
2012-10-18 11:30:00,0.0
2012-10-18 12:00:00,0.0
2012-10-18 12:30:00,0.0
2012-10-18 13:00:00,0.0
2012-10-18 13:30:00,0.0
2012-10-18 14:00:00,0.0
2012-10-18 14:30:00,0.0
2012-10-18 15:00:00,2.6723999999998806
2012-10-18 15:30:00,2.527199999999999
2012-10-18 16:00:00,1.9010399999999998
2012-10-18 16:30:00,1.2888000000000002
2012-10-18 17:00:00,0.7734000000000001
2012-10-18 17:30:00,0.06419999999999956
2012-10-18 18:00:00,0.0
2012-10-18 18:30:00,0.0
2012-10-18 19:00:00,0.0
2012-10-18 19:30:00,0.0
2012-10-18 20:00:00,0.0
2012-10-18 20:30:00,0.0
2012-10-18 21:00:00,0.0
2012-10-18 21:30:00,0.0
2012-10-18 22:00:00,0.0
2012-10-18 22:30:00,0.0
2012-10-18 23:00:00,0.0
2012-10-18 23:30:00,0.0
2012-10-19 00:00:00,0.0
2012-10-19 00:30:00,0.0
2012-10-19 01:00:00,0.0
2012-10-19 01:30:00,0.0
2012-10-19 02:00:00,0.0
2012-10-19 02:30:00,0.0
2012-10-19 03:00:00,0.0
2012-10-19 03:30:00,0.0
2012-10-19 04:00:00,0.0
2012-10-19 04:30:00,0.0
2012-10-19 05:00:00,0.0
2012-10-19 05:30:00,0.0
2012-10-19 06:00:00,0.0
2012-10-19 06:30:00,0.0
2012-10-19 07:00:00,0.0
2012-10-19 07:30:00,0.0
2012-10-19 08:00:00,0.0
2012-10-19 08:30:00,0.0
2012-10-19 09:00:00,0.0
2012-10-19 09:30:00,0.0
2012-10-19 10:00:00,0.0
2012-10-19 10:30:00,0.6613199987999997
2012-10-19 11:00:00,0.0
2012-10-19 11:30:00,0.0
2012-10-19 12:00:00,0.0
2012-10-19 12:30:00,0.0
2012-10-19 13:00:00,0.0
2012-10-19 13:30:00,0.0
2012-10-19 14:00:00,0.0
2012-10-19 14:30:00,0.0
2012-10-19 15:00:00,2.2786799999879994
2012-10-19 15:30:00,2.1332399999998803
2012-10-19 16:00:00,1.3906799999999986
2012-10-19 16:30:00,0.8805599999999999
2012-10-19 17:00:00,0.0
2012-10-19 17:30:00,0.0
2012-10-19 18:00:00,0.0
2012-10-19 18:30:00,0.0
2012-10-19 19:00:00,0.0
2012-10-19 19:30:00,0.0
2012-10-19 20:00:00,0.0
2012-10-19 20:30:00,0.0
2012-10-19 21:00:00,0.0
2012-10-19 21:30:00,0.0
2012-10-19 22:00:00,0.0
2012-10-19 22:30:00,0.0
2012-10-19 23:00:00,0.0
2012-10-19 23:30:00,0.0
2012-10-20 00:00:00,0.0
2012-10-20 00:30:00,0.0
2012-10-20 01:00:00,0.0
2012-10-20 01:30:00,0.0
2012-10-20 02:00:00,0.0
2012-10-20 02:30:00,0.0
2012-10-20 03:00:00,0.0
2012-10-20 03:30:00,0.0
2012-10-20 04:00:00,0.0
2012-10-20 04:30:00,0.0
2012-10-20 05:00:00,0.0
2012-10-20 05:30:00,0.0
2012-10-20 06:00:00,0.0
2012-10-20 06:30:00,0.0
2012-10-20 07:00:00,0.0
2012-10-20 07:30:00,0.0
2012-10-20 08:00:00,0.0
2012-10-20 08:30:00,0.0
2012-10-20 09:00:00,0.0
2012-10-20 09:30:00,0.0
2012-10-20 10:00:00,0.23039999880000006
2012-10-20 10:30:00,0.7289999999880005
2012-10-20 11:00:00,0.0
2012-10-20 11:30:00,0.0
2012-10-20 12:00:00,0.0
2012-10-20 12:30:00,0.0
2012-10-20 13:00:00,0.0
2012-10-20 13:30:00,0.0
2012-10-20 14:00:00,0.0
2012-10-20 14:30:00,0.0
2012-10-20 15:00:00,1.856519999999879
2012-10-20 15:30:00,1.5268799999999987
2012-10-20 16:00:00,0.9330000000000005
2012-10-20 16:30:00,0.34895999999999916
2012-10-20 17:00:00,0.0
2012-10-20 17:30:00,0.0
2012-10-20 18:00:00,0.0
2012-10-20 18:30:00,0.0
2012-10-20 19:00:00,0.0
2012-10-20 19:30:00,0.0
2012-10-20 20:00:00,0.0
2012-10-20 20:30:00,0.0
2012-10-20 21:00:00,0.0
2012-10-20 21:30:00,0.0
2012-10-20 22:00:00,0.0
2012-10-20 22:30:00,0.0
2012-10-20 23:00:00,0.0
2012-10-20 23:30:00,0.0
2012-10-21 00:00:00,0.0
2012-10-21 00:30:00,0.0
2012-10-21 01:00:00,0.0
2012-10-21 01:30:00,0.0
2012-10-21 02:00:00,0.0
2012-10-21 02:30:00,0.0
2012-10-21 03:00:00,0.0
2012-10-21 03:30:00,0.0
2012-10-21 04:00:00,0.0
2012-10-21 04:30:00,0.0
2012-10-21 05:00:00,0.0
2012-10-21 05:30:00,0.0
2012-10-21 06:00:00,0.0
2012-10-21 06:30:00,0.0
2012-10-21 07:00:00,0.0
2012-10-21 07:30:00,0.0
2012-10-21 08:00:00,0.0
2012-10-21 08:30:00,0.0
2012-10-21 09:00:00,0.0
2012-10-21 09:30:00,0.2265599987999998
2012-10-21 10:00:00,0.7775999999879999
2012-10-21 10:30:00,0.17351999999988
2012-10-21 11:00:00,0.0
2012-10-21 11:30:00,0.0
2012-10-21 12:00:00,0.0
2012-10-21 12:30:00,0.0
2012-10-21 13:00:00,0.0
2012-10-21 13:30:00,0.0
2012-10-21 14:00:00,0.0
2012-10-21 14:30:00,0.0
2012-10-21 15:00:00,0.0
2012-10-21 15:30:00,0.0
2012-10-21 16:00:00,0.0
2012-10-21 16:30:00,0.0
2012-10-21 17:00:00,0.0
2012-10-21 17:30:00,0.0
2012-10-21 18:00:00,0.0
2012-10-21 18:30:00,0.0
2012-10-21 19:00:00,0.0
2012-10-21 19:30:00,0.0
2012-10-21 20:00:00,0.0
2012-10-21 20:30:00,0.0
2012-10-21 21:00:00,0.0
2012-10-21 21:30:00,0.0
2012-10-21 22:00:00,0.0
2012-10-21 22:30:00,0.0
2012-10-21 23:00:00,0.0
2012-10-21 23:30:00,0.0
2012-10-22 00:00:00,0.0
2012-10-22 00:30:00,0.0
2012-10-22 01:00:00,0.0
2012-10-22 01:30:00,0.0
2012-10-22 02:00:00,0.0
2012-10-22 02:30:00,0.0
2012-10-22 03:00:00,0.0
2012-10-22 03:30:00,0.0
2012-10-22 04:00:00,0.0
2012-10-22 04:30:00,0.0
2012-10-22 05:00:00,0.0
2012-10-22 05:30:00,0.0
2012-10-22 06:00:00,0.0
2012-10-22 06:30:00,0.0
2012-10-22 07:00:00,0.0
2012-10-22 07:30:00,0.0
2012-10-22 08:00:00,0.0
2012-10-22 08:30:00,0.0
2012-10-22 09:00:00,0.0
2012-10-22 09:30:00,0.1736399987999998
2012-10-22 10:00:00,0.3302399999879998
2012-10-22 10:30:00,0.52691999999988
2012-10-22 11:00:00,0.0
2012-10-22 11:30:00,0.0
2012-10-22 12:00:00,0.0
2012-10-22 12:30:00,0.0
2012-10-22 13:00:00,0.0
2012-10-22 13:30:00,0.0
2012-10-22 14:00:00,0.0
2012-10-22 14:30:00,0.0
2012-10-22 15:00:00,1.8386399999999985
2012-10-22 15:30:00,1.95924
2012-10-22 16:00:00,1.4741999999999997
2012-10-22 16:30:00,0.68112
2012-10-22 17:00:00,0.0
2012-10-22 17:30:00,0.0
2012-10-22 18:00:00,0.0
2012-10-22 18:30:00,0.0
2012-10-22 19:00:00,0.0
2012-10-22 19:30:00,0.0
2012-10-22 20:00:00,0.0
2012-10-22 20:30:00,0.0
2012-10-22 21:00:00,0.0
2012-10-22 21:30:00,0.0
2012-10-22 22:00:00,0.0
2012-10-22 22:30:00,0.0
2012-10-22 23:00:00,0.0
2012-10-22 23:30:00,0.0
2012-10-23 00:00:00,0.0
2012-10-23 00:30:00,0.0
2012-10-23 01:00:00,0.0
2012-10-23 01:30:00,0.0
2012-10-23 02:00:00,0.0
2012-10-23 02:30:00,0.0
2012-10-23 03:00:00,0.0
2012-10-23 03:30:00,0.0
2012-10-23 04:00:00,0.0
2012-10-23 04:30:00,0.0
2012-10-23 05:00:00,0.0
2012-10-23 05:30:00,0.0
2012-10-23 06:00:00,0.0
2012-10-23 06:30:00,0.0
2012-10-23 07:00:00,0.0
2012-10-23 07:30:00,0.0
2012-10-23 08:00:00,0.0
2012-10-23 08:30:00,0.0
2012-10-23 09:00:00,0.0
2012-10-23 09:30:00,0.29939999879999996
2012-10-23 10:00:00,0.6821999999880002
2012-10-23 10:30:00,1.2934799999998798
2012-10-23 11:00:00,0.0
2012-10-23 11:30:00,0.0
2012-10-23 12:00:00,0.0
2012-10-23 12:30:00,0.0
2012-10-23 13:00:00,0.0
2012-10-23 13:30:00,0.0
2012-10-23 14:00:00,0.0
2012-10-23 14:30:00,0.0
2012-10-23 15:00:00,2.7578399999999985
2012-10-23 15:30:00,2.35044
2012-10-23 16:00:00,1.6694399999999996
2012-10-23 16:30:00,0.9949200000000002
2012-10-23 17:00:00,0.16847999999999985
2012-10-23 17:30:00,0.0
2012-10-23 18:00:00,0.0
2012-10-23 18:30:00,0.0
2012-10-23 19:00:00,0.0
2012-10-23 19:30:00,0.0
2012-10-23 20:00:00,0.0
2012-10-23 20:30:00,0.0
2012-10-23 21:00:00,0.0
2012-10-23 21:30:00,0.0
2012-10-23 22:00:00,0.0
2012-10-23 22:30:00,0.0
2012-10-23 23:00:00,0.0
2012-10-23 23:30:00,0.0
2012-10-24 00:00:00,0.0
2012-10-24 00:30:00,0.0
2012-10-24 01:00:00,0.0
2012-10-24 01:30:00,0.0
2012-10-24 02:00:00,0.0
2012-10-24 02:30:00,0.0
2012-10-24 03:00:00,0.0
2012-10-24 03:30:00,0.0
2012-10-24 04:00:00,0.0
2012-10-24 04:30:00,0.0
2012-10-24 05:00:00,0.0
2012-10-24 05:30:00,0.0
2012-10-24 06:00:00,0.0
2012-10-24 06:30:00,0.0
2012-10-24 07:00:00,0.0
2012-10-24 07:30:00,0.0
2012-10-24 08:00:00,0.0
2012-10-24 08:30:00,0.0
2012-10-24 09:00:00,0.0
2012-10-24 09:30:00,0.7720799988000002
2012-10-24 10:00:00,1.4397599999880002
2012-10-24 10:30:00,1.7816399999998802
2012-10-24 11:00:00,0.0
2012-10-24 11:30:00,0.0
2012-10-24 12:00:00,0.0
2012-10-24 12:30:00,0.0
2012-10-24 13:00:00,0.0
2012-10-24 13:30:00,0.0
2012-10-24 14:00:00,0.0
2012-10-24 14:30:00,0.0
2012-10-24 15:00:00,3.0572399999999975
2012-10-24 15:30:00,2.6380800000000004
2012-10-24 16:00:00,2.5146
2012-10-24 16:30:00,1.7557199999999995
2012-10-24 17:00:00,1.1428800000000001
2012-10-24 17:30:00,0.0
2012-10-24 18:00:00,0.0
2012-10-24 18:30:00,0.0
2012-10-24 19:00:00,0.0
2012-10-24 19:30:00,0.0
2012-10-24 20:00:00,0.0
2012-10-24 20:30:00,0.0
2012-10-24 21:00:00,0.0
2012-10-24 21:30:00,0.0
2012-10-24 22:00:00,0.0
2012-10-24 22:30:00,0.0
2012-10-24 23:00:00,0.0
2012-10-24 23:30:00,0.0
2012-10-25 00:00:00,0.0
2012-10-25 00:30:00,0.0
2012-10-25 01:00:00,0.0
2012-10-25 01:30:00,0.0
2012-10-25 02:00:00,0.0
2012-10-25 02:30:00,0.0
2012-10-25 03:00:00,0.0
2012-10-25 03:30:00,0.0
2012-10-25 04:00:00,0.0
2012-10-25 04:30:00,0.0
2012-10-25 05:00:00,0.0
2012-10-25 05:30:00,0.0
2012-10-25 06:00:00,0.0
2012-10-25 06:30:00,0.0
2012-10-25 07:00:00,0.0
2012-10-25 07:30:00,0.0
2012-10-25 08:00:00,0.0
2012-10-25 08:30:00,0.0
2012-10-25 09:00:00,0.3299999988000002
2012-10-25 09:30:00,0.7490399999879997
2012-10-25 10:00:00,1.10051999999988
2012-10-25 10:30:00,1.4809199999999991
2012-10-25 11:00:00,0.0
2012-10-25 11:30:00,0.0
2012-10-25 12:00:00,0.0
2012-10-25 12:30:00,0.0
2012-10-25 13:00:00,0.0
2012-10-25 13:30:00,0.0
2012-10-25 14:00:00,0.0
2012-10-25 14:30:00,0.0
2012-10-25 15:00:00,1.9558799999999992
2012-10-25 15:30:00,1.6052400000000004
2012-10-25 16:00:00,1.2143999999999997
2012-10-25 16:30:00,0.6937199999999998
2012-10-25 17:00:00,0.0
2012-10-25 17:30:00,0.0
2012-10-25 18:00:00,0.0
2012-10-25 18:30:00,0.0
2012-10-25 19:00:00,0.0
2012-10-25 19:30:00,0.0
2012-10-25 20:00:00,0.0
2012-10-25 20:30:00,0.0
2012-10-25 21:00:00,0.0
2012-10-25 21:30:00,0.0
2012-10-25 22:00:00,0.0
2012-10-25 22:30:00,0.0
2012-10-25 23:00:00,0.0
2012-10-25 23:30:00,0.0
2012-10-26 00:00:00,0.0
2012-10-26 00:30:00,0.0
2012-10-26 01:00:00,0.0
2012-10-26 01:30:00,0.0
2012-10-26 02:00:00,0.0
2012-10-26 02:30:00,0.0
2012-10-26 03:00:00,0.0
2012-10-26 03:30:00,0.0
2012-10-26 04:00:00,0.0
2012-10-26 04:30:00,0.0
2012-10-26 05:00:00,0.0
2012-10-26 05:30:00,0.0
2012-10-26 06:00:00,0.0
2012-10-26 06:30:00,0.0
2012-10-26 07:00:00,0.0
2012-10-26 07:30:00,0.0
2012-10-26 08:00:00,0.0
2012-10-26 08:30:00,0.0
2012-10-26 09:00:00,0.0
2012-10-26 09:30:00,0.0
2012-10-26 10:00:00,0.1411199988000004
2012-10-26 10:30:00,0.7227599999879999
2012-10-26 11:00:00,0.0
2012-10-26 11:30:00,0.0
2012-10-26 12:00:00,0.0
2012-10-26 12:30:00,0.0
2012-10-26 13:00:00,0.0
2012-10-26 13:30:00,0.0
2012-10-26 14:00:00,0.0
2012-10-26 14:30:00,0.0
2012-10-26 15:00:00,0.9832799999998797
2012-10-26 15:30:00,0.6496799999999985
2012-10-26 16:00:00,0.09132000000000004
2012-10-26 16:30:00,0.0
2012-10-26 17:00:00,0.0
2012-10-26 17:30:00,0.0
2012-10-26 18:00:00,0.0
2012-10-26 18:30:00,0.0
2012-10-26 19:00:00,0.0
2012-10-26 19:30:00,0.0
2012-10-26 20:00:00,0.0
2012-10-26 20:30:00,0.0
2012-10-26 21:00:00,0.0
2012-10-26 21:30:00,0.0
2012-10-26 22:00:00,0.0
2012-10-26 22:30:00,0.0
2012-10-26 23:00:00,0.0
2012-10-26 23:30:00,0.0
2012-10-27 00:00:00,0.0
2012-10-27 00:30:00,0.0
2012-10-27 01:00:00,0.0
2012-10-27 01:30:00,0.0
2012-10-27 02:00:00,0.0
2012-10-27 02:30:00,0.0
2012-10-27 03:00:00,0.0
2012-10-27 03:30:00,0.0
2012-10-27 04:00:00,0.0
2012-10-27 04:30:00,0.0
2012-10-27 05:00:00,0.0
2012-10-27 05:30:00,0.0
2012-10-27 06:00:00,0.0
2012-10-27 06:30:00,0.0
2012-10-27 07:00:00,0.0
2012-10-27 07:30:00,0.0
2012-10-27 08:00:00,0.0
2012-10-27 08:30:00,0.0
2012-10-27 09:00:00,0.06107999879999968
2012-10-27 09:30:00,0.4739999999879997
2012-10-27 10:00:00,1.1437199999998802
2012-10-27 10:30:00,1.9672799999999986
2012-10-27 11:00:00,0.0
2012-10-27 11:30:00,0.0
2012-10-27 12:00:00,0.0
2012-10-27 12:30:00,0.0
2012-10-27 13:00:00,0.0
2012-10-27 13:30:00,0.0
2012-10-27 14:00:00,0.0
2012-10-27 14:30:00,0.0
2012-10-27 15:00:00,2.50428
2012-10-27 15:30:00,2.1985199999999994
2012-10-27 16:00:00,2.0667599999999995
2012-10-27 16:30:00,1.7262000000000002
2012-10-27 17:00:00,0.6121200000000006
2012-10-27 17:30:00,0.0
2012-10-27 18:00:00,0.0
2012-10-27 18:30:00,0.0
2012-10-27 19:00:00,0.0
2012-10-27 19:30:00,0.0
2012-10-27 20:00:00,0.0
2012-10-27 20:30:00,0.0
2012-10-27 21:00:00,0.0
2012-10-27 21:30:00,0.0
2012-10-27 22:00:00,0.0
2012-10-27 22:30:00,0.0
2012-10-27 23:00:00,0.0
2012-10-27 23:30:00,0.0
2012-10-28 00:00:00,0.0
2012-10-28 00:30:00,0.0
2012-10-28 01:00:00,0.0
2012-10-28 01:30:00,0.0
2012-10-28 02:00:00,0.0
2012-10-28 02:30:00,0.0
2012-10-28 03:00:00,0.0
2012-10-28 03:30:00,0.0
2012-10-28 04:00:00,0.0
2012-10-28 04:30:00,0.0
2012-10-28 05:00:00,0.0
2012-10-28 05:30:00,0.0
2012-10-28 06:00:00,0.0
2012-10-28 06:30:00,0.0
2012-10-28 07:00:00,0.0
2012-10-28 07:30:00,0.0
2012-10-28 08:00:00,0.0
2012-10-28 08:30:00,0.0
2012-10-28 09:00:00,0.0
2012-10-28 09:30:00,0.0
2012-10-28 10:00:00,0.0
2012-10-28 10:30:00,0.0
2012-10-28 11:00:00,0.0
2012-10-28 11:30:00,0.0
2012-10-28 12:00:00,0.0
2012-10-28 12:30:00,0.0
2012-10-28 13:00:00,0.0
2012-10-28 13:30:00,0.0
2012-10-28 14:00:00,0.0
2012-10-28 14:30:00,0.0
2012-10-28 15:00:00,1.9281599987999996
2012-10-28 15:30:00,1.2309599999879997
2012-10-28 16:00:00,0.88595999999988
2012-10-28 16:30:00,0.38879999999999887
2012-10-28 17:00:00,0.0
2012-10-28 17:30:00,0.0
2012-10-28 18:00:00,0.0
2012-10-28 18:30:00,0.0
2012-10-28 19:00:00,0.0
2012-10-28 19:30:00,0.0
2012-10-28 20:00:00,0.0
2012-10-28 20:30:00,0.0
2012-10-28 21:00:00,0.0
2012-10-28 21:30:00,0.0
2012-10-28 22:00:00,0.0
2012-10-28 22:30:00,0.0
2012-10-28 23:00:00,0.0
2012-10-28 23:30:00,0.0
2012-10-29 00:00:00,0.0
2012-10-29 00:30:00,0.0
2012-10-29 01:00:00,0.0
2012-10-29 01:30:00,0.0
2012-10-29 02:00:00,0.0
2012-10-29 02:30:00,0.0
2012-10-29 03:00:00,0.0
2012-10-29 03:30:00,0.0
2012-10-29 04:00:00,0.0
2012-10-29 04:30:00,0.0
2012-10-29 05:00:00,0.0
2012-10-29 05:30:00,0.0
2012-10-29 06:00:00,0.0
2012-10-29 06:30:00,0.0
2012-10-29 07:00:00,0.0
2012-10-29 07:30:00,0.0
2012-10-29 08:00:00,0.0
2012-10-29 08:30:00,0.0
2012-10-29 09:00:00,0.0
2012-10-29 09:30:00,0.0
2012-10-29 10:00:00,0.39923999880000005
2012-10-29 10:30:00,0.744599999988
2012-10-29 11:00:00,0.0
2012-10-29 11:30:00,0.0
2012-10-29 12:00:00,0.0
2012-10-29 12:30:00,0.0
2012-10-29 13:00:00,0.0
2012-10-29 13:30:00,0.0
2012-10-29 14:00:00,0.0
2012-10-29 14:30:00,0.0
2012-10-29 15:00:00,2.8679999999998804
2012-10-29 15:30:00,2.6891999999999983
2012-10-29 16:00:00,2.22528
2012-10-29 16:30:00,1.33992
2012-10-29 17:00:00,0.3397199999999994
2012-10-29 17:30:00,0.0
2012-10-29 18:00:00,0.0
2012-10-29 18:30:00,0.0
2012-10-29 19:00:00,0.0
2012-10-29 19:30:00,0.0
2012-10-29 20:00:00,0.0
2012-10-29 20:30:00,0.0
2012-10-29 21:00:00,0.0
2012-10-29 21:30:00,0.0
2012-10-29 22:00:00,0.0
2012-10-29 22:30:00,0.0
2012-10-29 23:00:00,0.0
2012-10-29 23:30:00,0.0
2012-10-30 00:00:00,0.0
2012-10-30 00:30:00,0.0
2012-10-30 01:00:00,0.0
2012-10-30 01:30:00,0.0
2012-10-30 02:00:00,0.0
2012-10-30 02:30:00,0.0
2012-10-30 03:00:00,0.0
2012-10-30 03:30:00,0.0
2012-10-30 04:00:00,0.0
2012-10-30 04:30:00,0.0
2012-10-30 05:00:00,0.0
2012-10-30 05:30:00,0.0
2012-10-30 06:00:00,0.0
2012-10-30 06:30:00,0.0
2012-10-30 07:00:00,0.0
2012-10-30 07:30:00,0.0
2012-10-30 08:00:00,0.0
2012-10-30 08:30:00,0.0
2012-10-30 09:00:00,0.014639998799999986
2012-10-30 09:30:00,0.6968399999880002
2012-10-30 10:00:00,0.7448399999998799
2012-10-30 10:30:00,1.0808399999999987
2012-10-30 11:00:00,0.0
2012-10-30 11:30:00,0.0
2012-10-30 12:00:00,0.0
2012-10-30 12:30:00,0.0
2012-10-30 13:00:00,0.0
2012-10-30 13:30:00,0.0
2012-10-30 14:00:00,0.0
2012-10-30 14:30:00,0.0
2012-10-30 15:00:00,2.118
2012-10-30 15:30:00,1.9946400000000002
2012-10-30 16:00:00,0.9547199999999997
2012-10-30 16:30:00,1.1302800000000004
2012-10-30 17:00:00,0.032279999999999906
2012-10-30 17:30:00,0.0
2012-10-30 18:00:00,0.0
2012-10-30 18:30:00,0.0
2012-10-30 19:00:00,0.0
2012-10-30 19:30:00,0.0
2012-10-30 20:00:00,0.0
2012-10-30 20:30:00,0.0
2012-10-30 21:00:00,0.0
2012-10-30 21:30:00,0.0
2012-10-30 22:00:00,0.0
2012-10-30 22:30:00,0.0
2012-10-30 23:00:00,0.0
2012-10-30 23:30:00,0.0
2012-10-31 00:00:00,0.0
2012-10-31 00:30:00,0.0
2012-10-31 01:00:00,0.0
2012-10-31 01:30:00,0.0
2012-10-31 02:00:00,0.0
2012-10-31 02:30:00,0.0
2012-10-31 03:00:00,0.0
2012-10-31 03:30:00,0.0
2012-10-31 04:00:00,0.0
2012-10-31 04:30:00,0.0
2012-10-31 05:00:00,0.0
2012-10-31 05:30:00,0.0
2012-10-31 06:00:00,0.0
2012-10-31 06:30:00,0.0
2012-10-31 07:00:00,0.0
2012-10-31 07:30:00,0.0
2012-10-31 08:00:00,0.0
2012-10-31 08:30:00,0.0
2012-10-31 09:00:00,0.0
2012-10-31 09:30:00,0.43595999879999986
2012-10-31 10:00:00,1.238879999988
2012-10-31 10:30:00,1.731839999999879
2012-10-31 11:00:00,0.0
2012-10-31 11:30:00,0.0
2012-10-31 12:00:00,0.0
2012-10-31 12:30:00,0.0
2012-10-31 13:00:00,0.0
2012-10-31 13:30:00,0.0
2012-10-31 14:00:00,0.0
2012-10-31 14:30:00,0.0
2012-10-31 15:00:00,2.812799999999999
2012-10-31 15:30:00,2.1880800000000007
2012-10-31 16:00:00,1.66008
2012-10-31 16:30:00,1.4214000000000002
2012-10-31 17:00:00,0.7359599999999998
2012-10-31 17:30:00,0.0
2012-10-31 18:00:00,0.0
2012-10-31 18:30:00,0.0
2012-10-31 19:00:00,0.0
2012-10-31 19:30:00,0.0
2012-10-31 20:00:00,0.0
2012-10-31 20:30:00,0.0
2012-10-31 21:00:00,0.0
2012-10-31 21:30:00,0.0
2012-10-31 22:00:00,0.0
2012-10-31 22:30:00,0.0
2012-10-31 23:00:00,0.0
